BALANCE_DATE,LABEL_SUBTYPE,STAKED_ETH_BALANCE
2022-01-15,deposit_wallet,509.084337951
2022-03-29,deposit_wallet,517.176091134
2022-04-14,deposit_wallet,563.046092114
2021-12-22,deposit_wallet,448.144329775
2022-02-09,deposit_wallet,494.642745578
2022-02-12,treasury,2600.676428385
2021-12-15,deposit_wallet,436.869884843
2022-05-13,deposit_wallet,663.043603361
2022-04-11,deposit_wallet,563.046092114
2022-06-06,deposit_wallet,725.411295628
2022-03-29,pool,718370.999284696
2022-05-19,nf_position_manager,1e-18
2022-03-21,hot_wallet,3284.76754787
2022-01-29,contract_deployer,1e-18
2022-04-10,swap_contract,4.3e-17
2022-01-12,swap_contract,4.2e-17
2022-05-03,contract_deployer,1e-18
2022-06-09,swap_router,1e-18
2022-04-24,swap_router,1e-18
2021-12-22,contract_deployer,1e-18
2022-03-28,vault,466213.115390699
2022-05-20,distributor_cex,0.000005828418349
2022-01-03,swap_router,1e-18
2022-05-12,hot_wallet,8004.99714739
2022-01-12,treasury,2201.474769099
2022-03-20,rewards,1e-18
2022-04-02,treasury,3349.36485789
2022-03-28,rewards,1e-18
2022-05-28,swap_router,1e-18
2021-12-15,rewards,1e-18
2022-05-20,vault,19651.718514991
2022-01-19,rewards,1e-18
2022-04-12,vault,478399.461574158
2022-04-15,deposit_wallet,563.047220499
2022-01-16,deposit_wallet,509.084337951
2022-05-12,token_contract,324028.116527798
2022-03-20,general_contract,60987.274706741
2022-04-12,hot_wallet,7011.438409996
2022-02-03,swap_contract,4.2e-17
2022-03-15,swap_contract,4.2e-17
2022-03-06,rewards,1e-18
2022-03-16,token_contract,285750.465762183
2022-05-15,bridge,94.230248921
2022-05-02,vault,619313.687367951
2022-04-22,toxic,12.408389711
2022-02-11,pool,627342.748604703
2022-03-31,toxic,12.408389711
2022-02-10,swap_contract,4.2e-17
2022-06-11,swap_contract,4.6e-17
2021-12-23,treasury,1956.736904172
2022-04-26,pool,815604.021454064
2022-04-02,hot_wallet,6161.220382199
2022-06-12,pool,508252.362602613
2022-01-11,swap_contract,4.2e-17
2022-05-30,toxic,12.408389711
2022-06-13,vault,4333.64757025
2022-05-16,treasury,3533.961532071
2022-02-10,token_contract,238156.225015703
2022-01-13,contract_deployer,1e-18
2022-05-21,bridge,94.240920126
2022-03-31,vault,499553.195862747
2022-05-05,rewards,1e-18
2022-05-07,contract_deployer,1e-18
2021-12-16,toxic,1e-18
2022-01-07,swap_router,1e-18
2022-01-15,toxic,1e-18
2022-01-08,distributor_cex,1.619909659
2022-03-11,contract_deployer,1e-18
2022-02-06,contract_deployer,1e-18
2021-12-17,treasury,1918.647745454
2022-01-24,deposit_wallet,487.003204483
2022-05-31,contract_deployer,0.01220955203
2022-01-17,deposit_wallet,509.084337951
2022-04-28,treasury,3123.559713847
2022-04-27,pool,824399.051835516
2022-04-20,bridge,87.636880671
2022-03-10,hot_wallet,3229.840992938
2022-05-23,hot_wallet,10123.258902027
2022-01-14,pool,637560.866153649
2022-05-15,token_contract,325845.224114086
2022-05-22,rewards,1e-18
2022-05-10,rewards,1e-18
2022-04-23,hot_wallet,7310.257798292
2022-04-11,toxic,12.408389711
2022-01-09,swap_router,1e-18
2022-05-18,bridge,94.240920126
2022-01-29,token_contract,200201.105554848
2022-02-19,bridge,9.647649927
2022-02-13,vault,218644.047091679
2022-04-15,treasury,3215.730596046
2022-01-05,treasury,2114.934585663
2022-01-30,vault,149687.936734573
2022-01-01,contract_deployer,1e-18
2022-01-07,rewards,1e-18
2021-12-31,rewards,1e-18
2022-05-27,contract_deployer,0.01220955203
2022-04-08,rewards,1e-18
2022-03-24,vault,466776.14728848
2022-03-23,rewards,1e-18
2022-02-06,distributor_cex,1.619909659
2022-05-13,distributor_cex,0.000005828418349
2021-12-30,treasury,2041.525154686
2022-01-15,distributor_cex,1.619909659
2022-05-07,toxic,12.408389711
2022-01-26,rewards,1e-18
2022-01-10,distributor_cex,1.619909659
2022-03-15,deposit_wallet,539.2406995
2022-05-12,general_contract,59308.002194223
2021-12-15,hot_wallet,37353.54545812
2022-05-06,swap_contract,4.4e-17
2022-04-13,rewards,1e-18
2022-01-01,deposit_wallet,447.219701918
2022-02-24,swap_contract,4.2e-17
2021-12-17,pool,682140.995138867
2021-12-26,pool,641549.196056354
2022-03-06,hot_wallet,3109.447166424
2022-05-19,vault,19651.718514991
2022-02-24,token_contract,281711.379831467
2022-03-18,contract_deployer,1e-18
2022-04-30,swap_contract,4.5e-17
2022-05-16,hot_wallet,10479.815452248
2022-02-26,contract_deployer,1e-18
2022-04-19,pool,807320.857265568
2022-01-11,hot_wallet,6575.832132922
2022-05-15,nf_position_manager,1e-18
2022-05-30,distributor_cex,0.000005828418349
2022-05-20,treasury,3533.961532071
2022-03-13,swap_contract,4.2e-17
2022-04-09,swap_contract,4.3e-17
2022-04-29,token_contract,343331.986619784
2022-06-06,swap_router,1e-18
2022-04-02,toxic,12.408389711
2022-04-11,bridge,87.636880671
2022-02-20,treasury,2709.22138805
2021-12-16,swap_router,1e-18
2022-04-30,swap_router,1e-18
2022-05-14,rewards,1e-18
2022-06-05,swap_router,1e-18
2022-06-04,rewards,1e-18
2022-05-31,treasury,3679.372605036
2022-05-23,distributor_cex,0.000005828418349
2022-04-17,treasury,3235.926038437
2022-02-28,swap_router,1e-18
2022-01-20,deposit_wallet,509.233893506
2022-01-21,deposit_wallet,509.233893506
2022-04-19,swap_router,1e-18
2022-04-20,deposit_wallet,563.047220509
2021-12-19,deposit_wallet,440.809988686
2022-02-16,contract_deployer,1e-18
2022-03-22,general_contract,60988.038044689
2022-03-06,general_contract,57186.412804983
2022-03-25,toxic,12.408389711
2022-04-22,pool,807933.168914159
2022-05-09,rewards,1e-18
2022-03-12,pool,658201.974341482
2022-01-25,swap_router,1e-18
2022-03-02,token_contract,273636.10480562
2022-02-16,token_contract,244492.637808509
2022-02-14,distributor_cex,1.619909659
2022-02-22,rewards,1e-18
2022-05-25,token_contract,364725.55998195
2022-05-30,swap_contract,4.5e-17
2022-02-14,contract_deployer,1e-18
2022-05-14,swap_router,1e-18
2022-05-25,bridge,94.241041579
2021-12-27,toxic,1e-18
2022-01-02,token_contract,137015.34692767
2022-06-02,contract_deployer,0.01220955203
2022-05-01,distributor_cex,0.000005828418349
2022-05-03,rewards,1e-18
2022-05-09,treasury,3368.626237626
2022-04-04,contract_deployer,1e-18
2022-05-13,nf_position_manager,1e-18
2022-05-22,treasury,3533.961532071
2021-12-27,rewards,1e-18
2022-01-19,general_contract,57455.314119142
2022-03-17,deposit_wallet,535.916749797
2022-05-07,general_contract,57685.073069626
2022-04-16,rewards,1e-18
2021-12-24,pool,642861.184233122
2022-01-27,deposit_wallet,487.148445578
2022-03-11,swap_contract,4.2e-17
2022-03-23,pool,726800.36491822
2022-06-03,deposit_wallet,725.401295628
2021-12-17,hot_wallet,37390.328557663
2022-04-28,distributor_cex,0.000005828418349
2022-05-03,token_contract,343393.098239517
2022-04-24,token_contract,336882.139413208
2022-02-11,toxic,1e-18
2022-02-28,vault,281008.766566215
2022-02-07,vault,207953.820169441
2022-02-17,swap_contract,4.2e-17
2022-05-09,token_contract,324287.416129508
2021-12-23,pool,642617.974107887
2022-01-01,token_contract,135240.59201514
2022-05-03,treasury,3167.387348894
2022-04-10,token_contract,314230.114389496
2022-04-19,hot_wallet,7687.906413945
2022-06-11,pool,504826.168623646
2022-04-06,treasury,3424.707380992
2022-05-25,toxic,12.408389711
2022-04-10,swap_router,1e-18
2022-04-03,treasury,3367.989978201
2022-06-06,rewards,1e-18
2022-02-17,treasury,2668.189963296
2022-04-29,nf_position_manager,0.004126517151
2022-03-08,toxic,1e-18
2022-03-07,swap_contract,4.2e-17
2022-05-31,bridge,87.290297997
2022-05-05,swap_router,1e-18
2021-12-22,swap_router,1e-18
2022-03-15,treasury,3043.151450641
2022-04-06,token_contract,308930.242184658
2022-03-08,treasury,2936.191852323
2021-12-30,vault,113147.90374151
2022-03-09,contract_deployer,1e-18
2022-05-23,swap_router,1e-18
2022-04-09,vault,495529.978530979
2022-03-13,rewards,1e-18
2022-04-27,vault,618789.587490376
2022-02-22,contract_deployer,1e-18
2022-03-01,swap_router,1e-18
2022-03-28,bridge,87.998809379
2022-01-14,general_contract,57457.457379194
2022-03-25,deposit_wallet,551.711077459
2022-04-03,hot_wallet,6136.865802461
2022-05-03,general_contract,60534.577381132
2022-04-24,deposit_wallet,571.051020146
2022-04-20,general_contract,61098.900033915
2022-02-15,vault,218892.164117331
2022-03-09,bridge,11.449883522
2022-03-31,swap_contract,4.3e-17
2022-01-11,treasury,2189.023029613
2022-03-15,hot_wallet,3240.873117983
2022-02-14,general_contract,57497.819945694
2022-03-08,token_contract,270885.81454888
2022-03-09,pool,622923.426334549
2022-04-22,swap_router,1e-18
2022-01-25,general_contract,57487.757316421
2022-03-16,treasury,3058.64202246
2022-04-05,rewards,1e-18
2022-05-19,bridge,94.240920126
2021-12-24,vault,113629.508785752
2022-03-03,token_contract,268755.981426918
2022-04-25,swap_contract,4.4e-17
2022-05-23,nf_position_manager,1e-18
2022-05-24,vault,24234.368834691
2021-12-22,token_contract,123745.370317816
2022-06-07,swap_contract,4.6e-17
2022-03-21,swap_router,1e-18
2022-05-06,distributor_cex,0.000005828418349
2022-01-06,swap_router,1e-18
2022-04-14,contract_deployer,1e-18
2022-03-29,treasury,3276.778725063
2022-04-29,distributor_cex,0.000005828418349
2022-02-18,vault,220536.763561841
2022-03-19,bridge,83.924980422
2022-01-23,contract_deployer,1e-18
2022-05-20,rewards,1e-18
2022-05-02,bridge,93.498026874
2022-05-26,nf_position_manager,1e-18
2021-12-22,toxic,1e-18
2022-02-28,contract_deployer,1e-18
2022-03-20,hot_wallet,3284.169271266
2022-04-04,deposit_wallet,518.276092114
2022-04-16,deposit_wallet,563.047220499
2022-01-02,general_contract,62727.945297135
2021-12-28,pool,643445.529104314
2022-03-06,vault,292095.121104292
2022-03-05,general_contract,57186.5998505
2022-05-01,general_contract,60534.577381132
2022-02-17,general_contract,57492.123125688
2022-04-01,pool,779165.832233672
2022-05-07,treasury,3323.001177536
2022-03-28,general_contract,60999.756851726
2022-04-28,hot_wallet,7418.360362122
2021-12-27,hot_wallet,44721.595526292
2022-02-21,swap_router,1e-18
2022-01-23,hot_wallet,9872.783309671
2022-06-01,hot_wallet,11336.903035243
2022-04-24,hot_wallet,7320.289172027
2022-02-01,contract_deployer,1e-18
2022-03-28,swap_contract,4.3e-17
2022-04-08,token_contract,314230.114389496
2022-05-30,vault,6607.945342731
2022-02-06,swap_router,1e-18
2022-03-09,rewards,1e-18
2022-02-08,vault,207673.103355801
2022-04-29,vault,619079.843884201
2022-03-25,distributor_cex,0.000005828418349
2022-06-02,rewards,1e-18
2022-01-10,contract_deployer,1e-18
2022-06-09,hot_wallet,69112.849090892
2022-02-08,treasury,2547.490152804
2021-12-16,distributor_cex,1.619909659
2022-04-24,bridge,87.636880671
2022-02-22,treasury,2736.692980217
2021-12-20,vault,113279.848973489
2022-01-25,toxic,1e-18
2022-06-09,nf_position_manager,1e-18
2022-01-23,toxic,1e-18
2022-03-18,vault,437951.186248701
2022-02-26,bridge,9.810684828
2022-01-01,swap_router,1e-18
2022-03-29,distributor_cex,0.000005828418349
2022-03-12,treasury,2996.508922618
2022-04-28,vault,619084.079510205
2022-05-21,deposit_wallet,663.730933876
2022-05-02,toxic,12.408389711
2022-04-23,deposit_wallet,571.051020146
2022-01-04,deposit_wallet,459.219701918
2022-02-28,deposit_wallet,520.759619428
2022-03-09,general_contract,57228.578082468
2022-03-21,general_contract,60988.156077561
2022-05-03,swap_contract,4.4e-17
2022-02-08,pool,623292.512106709
2022-05-01,pool,827842.146429386
2022-05-29,deposit_wallet,665.028122111
2022-03-28,pool,722474.666478545
2022-04-23,pool,811572.184240231
2022-03-25,pool,724623.871764037
2022-04-26,swap_contract,4.5e-17
2022-05-18,pool,575920.29589095
2022-02-14,pool,607501.646875842
2022-04-06,bridge,87.636880671
2022-01-08,swap_contract,4.2e-17
2022-03-01,swap_contract,4.2e-17
2022-02-14,bridge,9.338091937
2022-05-05,token_contract,343743.180888345
2022-03-26,contract_deployer,1e-18
2022-05-20,nf_position_manager,1e-18
2022-03-29,hot_wallet,6381.243540371
2022-06-12,nf_position_manager,1e-18
2022-03-23,bridge,83.850387237
2022-04-19,contract_deployer,1e-18
2022-04-07,toxic,12.408389711
2022-06-03,vault,6433.983703691
2022-06-06,vault,6433.983703691
2022-03-05,token_contract,271829.343949596
2022-05-01,vault,619313.687367951
2021-12-27,token_contract,127620.131382993
2022-01-29,rewards,1e-18
2022-03-19,vault,440333.409246474
2022-04-19,toxic,12.408389711
2022-05-17,nf_position_manager,1e-18
2022-01-14,distributor_cex,1.619909659
2022-04-23,bridge,87.636880671
2022-02-21,distributor_cex,0.000005828418349
2021-12-18,swap_router,1e-18
2022-04-22,treasury,3359.097795466
2021-12-17,swap_router,1e-18
2022-06-07,deposit_wallet,725.411295628
2022-03-10,deposit_wallet,538.711394405
2022-04-08,general_contract,60927.732464365
2021-12-18,deposit_wallet,440.809988686
2021-12-21,general_contract,38232.347155406
2022-02-11,deposit_wallet,500.108745578
2022-02-18,deposit_wallet,512.381648828
2022-05-07,nf_position_manager,0.004126517151
2022-04-10,pool,815528.264105823
2022-04-13,vault,478793.790508317
2022-04-15,general_contract,60942.673201585
2022-04-10,toxic,12.408389711
2022-02-25,general_contract,57171.872762003
2022-03-26,swap_contract,4.2e-17
2022-06-10,swap_contract,4.5e-17
2022-05-26,swap_contract,4.5e-17
2022-03-20,treasury,3122.525125674
2022-05-09,hot_wallet,23910.768333269
2022-06-03,bridge,87.290297997
2022-02-01,toxic,1e-18
2022-05-11,pool,910050.158686594
2022-01-23,swap_router,1e-18
2022-02-10,pool,624930.515731151
2022-05-21,hot_wallet,11464.973212636
2022-03-06,contract_deployer,1e-18
2022-01-28,toxic,1e-18
2022-03-14,contract_deployer,1e-18
2022-01-12,contract_deployer,1e-18
2022-05-29,distributor_cex,0.000005828418349
2022-04-18,toxic,12.408389711
2021-12-16,contract_deployer,1e-18
2022-05-04,bridge,93.498026874
2022-01-31,toxic,1e-18
2022-05-05,vault,671547.56359509
2022-04-30,toxic,12.408389711
2022-04-05,treasury,3405.635434004
2022-05-08,nf_position_manager,0.004126517151
2022-05-04,rewards,1e-18
2022-02-08,distributor_cex,1.619909659
2022-04-05,contract_deployer,1e-18
2022-05-29,treasury,3627.217821261
2022-03-31,bridge,87.605337717
2022-06-11,deposit_wallet,825.736363154
2022-01-26,deposit_wallet,487.148445578
2022-02-17,deposit_wallet,511.796288828
2022-04-16,token_contract,316628.670955462
2022-04-04,rewards,1e-18
2022-02-11,hot_wallet,7179.19769935
2022-05-09,contract_deployer,1e-18
2022-04-23,contract_deployer,1e-18
2022-04-21,treasury,3338.322654559
2022-02-28,pool,603849.519400364
2022-01-16,swap_contract,4.2e-17
2022-03-25,bridge,83.850387237
2022-05-25,treasury,3523.182795018
2022-05-26,bridge,94.241041579
2022-05-29,swap_contract,4.5e-17
2022-05-03,distributor_cex,0.000005828418349
2022-06-12,contract_deployer,0.01220955203
2021-12-24,swap_router,1e-18
2022-03-26,rewards,1e-18
2022-05-06,treasury,3300.513111629
2022-01-22,vault,209918.545187762
2022-03-07,bridge,10.248906895
2022-04-14,treasury,3580.428846456
2022-01-30,toxic,1e-18
2022-03-11,treasury,2981.289127105
2022-04-12,rewards,1e-18
2022-05-20,swap_router,1e-18
2022-04-28,pool,816854.280825195
2021-12-29,distributor_cex,1.619909659
2022-05-14,toxic,12.408389711
2021-12-15,toxic,1e-18
2022-04-27,distributor_cex,0.000005828418349
2022-01-11,swap_router,1e-18
2022-03-15,distributor_cex,0.000005828418349
2021-12-21,toxic,1e-18
2022-04-22,rewards,1e-18
2022-03-14,swap_router,1e-18
2022-03-30,general_contract,60999.719023917
2022-05-02,deposit_wallet,578.944861498
2022-01-23,pool,586500.759293954
2022-02-12,general_contract,57497.834904745
2022-02-08,deposit_wallet,492.142745578
2022-02-19,swap_contract,4.2e-17
2022-03-20,vault,439814.68039173
2022-05-08,hot_wallet,28870.710421718
2022-04-12,general_contract,60930.534953088
2022-01-23,swap_contract,4.2e-17
2021-12-29,contract_deployer,1e-18
2022-05-08,distributor_cex,0.000005828418349
2022-05-08,swap_contract,4.5e-17
2022-01-28,contract_deployer,1e-18
2022-05-25,hot_wallet,10226.598850588
2022-05-04,swap_contract,4.4e-17
2022-01-12,hot_wallet,6575.832132922
2022-05-18,vault,19669.288816349
2022-03-08,contract_deployer,1e-18
2022-01-28,distributor_cex,1.619909659
2022-01-04,swap_router,1e-18
2022-01-24,contract_deployer,1e-18
2022-01-23,token_contract,170543.503937388
2022-01-13,toxic,1e-18
2022-05-20,contract_deployer,1e-18
2022-06-11,distributor_cex,0.000005828418349
2022-03-02,treasury,2848.687991183
2022-04-07,contract_deployer,1e-18
2022-05-01,treasury,3167.387348894
2022-03-06,toxic,1e-18
2022-04-18,rewards,1e-18
2022-04-05,toxic,12.408389711
2022-06-08,general_contract,66033.592200999
2022-03-20,deposit_wallet,543.808239091
2022-03-15,general_contract,60955.679362448
2022-01-15,general_contract,57456.803143246
2022-05-05,treasury,3278.043908971
2022-03-20,swap_contract,4.2e-17
2022-04-07,general_contract,60927.732464365
2021-12-26,deposit_wallet,447.319701918
2022-05-03,swap_router,1e-18
2022-04-10,hot_wallet,6131.421513664
2022-02-01,pool,626863.287572196
2022-05-11,swap_contract,4.5e-17
2022-05-31,swap_contract,4.5e-17
2022-03-19,rewards,1e-18
2022-05-07,hot_wallet,7837.539064182
2022-02-26,toxic,1e-18
2022-01-07,hot_wallet,38646.894739578
2022-02-03,distributor_cex,1.619909659
2022-01-07,vault,123653.346910558
2022-06-01,swap_router,1e-18
2022-04-28,rewards,1e-18
2022-05-01,bridge,93.498026874
2022-05-30,swap_router,1e-18
2022-04-28,contract_deployer,1e-18
2022-03-05,bridge,9.810684828
2022-02-02,swap_router,1e-18
2022-02-03,swap_router,1e-18
2022-04-30,vault,619313.687367951
2022-06-11,nf_position_manager,1e-18
2022-05-18,nf_position_manager,1e-18
2022-03-05,vault,289687.664572677
2022-03-07,distributor_cex,0.000005828418349
2022-05-06,nf_position_manager,0.004126517151
2022-05-11,contract_deployer,1e-18
2022-03-03,toxic,1e-18
2021-12-16,deposit_wallet,440.809988686
2022-01-07,deposit_wallet,459.630048212
2022-02-16,rewards,1e-18
2022-05-25,general_contract,65887.586902689
2022-04-20,hot_wallet,7699.000932025
2022-01-07,general_contract,62728.21552807
2022-01-03,pool,626101.305978188
2022-01-18,rewards,1e-18
2022-02-21,hot_wallet,7785.203161326
2022-02-14,swap_contract,4.2e-17
2022-01-13,pool,635813.345151106
2022-06-07,token_contract,403629.860682465
2022-06-02,swap_contract,4.6e-17
2022-06-04,token_contract,381486.727925435
2022-03-02,pool,603001.803646008
2022-01-27,token_contract,194363.379718495
2022-04-21,rewards,1e-18
2021-12-26,treasury,1992.933486545
2022-04-29,swap_contract,4.4e-17
2022-03-22,hot_wallet,4911.95999025
2022-02-05,swap_router,1e-18
2022-02-22,distributor_cex,0.000005828418349
2022-06-03,nf_position_manager,1e-18
2021-12-20,swap_router,1e-18
2022-02-10,rewards,1e-18
2022-03-21,contract_deployer,1e-18
2022-03-06,swap_router,1e-18
2022-05-29,token_contract,367752.788415116
2022-05-04,contract_deployer,1e-18
2022-02-28,distributor_cex,0.000005828418349
2022-06-08,swap_router,1e-18
2022-03-04,distributor_cex,0.000005828418349
2022-02-28,toxic,1e-18
2022-04-21,swap_router,1e-18
2022-05-05,nf_position_manager,0.004126517151
2022-05-22,nf_position_manager,1e-18
2022-01-10,toxic,1e-18
2022-02-22,toxic,1e-18
2022-01-13,swap_router,1e-18
2022-01-28,treasury,2403.605802744
2022-05-10,deposit_wallet,581.558042581
2022-04-02,general_contract,60842.023165868
2022-03-02,general_contract,57174.438718432
2022-05-27,general_contract,65514.04122409
2022-05-16,pool,582419.678738788
2022-01-30,pool,636608.086788615
2022-01-16,hot_wallet,6591.64925898
2022-05-09,swap_contract,4.5e-17
2022-01-10,token_contract,161227.910443578
2022-02-24,hot_wallet,2926.759095867
2022-02-10,general_contract,57497.804339191
2022-04-20,pool,800617.20644261
2022-05-31,hot_wallet,11281.786228643
2022-01-04,swap_contract,4.2e-17
2022-02-03,vault,210100.619106513
2021-12-20,rewards,1e-18
2022-02-09,swap_contract,4.2e-17
2022-04-17,swap_contract,4.3e-17
2021-12-18,hot_wallet,37426.521986824
2022-03-07,vault,294346.332968485
2022-05-27,token_contract,368457.091544782
2022-06-10,treasury,3941.144915028
2022-04-02,contract_deployer,1e-18
2022-02-14,treasury,2627.543588181
2022-03-11,hot_wallet,3245.511354737
2022-06-09,rewards,1e-18
2022-04-22,vault,584549.806580611
2022-06-05,rewards,1e-18
2022-02-24,toxic,1e-18
2022-02-25,toxic,1e-18
2022-05-18,rewards,1e-18
2022-05-02,rewards,1e-18
2022-03-10,treasury,2966.233171221
2022-01-18,deposit_wallet,509.233893506
2022-04-03,deposit_wallet,518.276092114
2022-04-09,general_contract,60927.732464365
2022-03-09,deposit_wallet,537.896950998
2022-05-16,deposit_wallet,663.550556082
2022-04-17,general_contract,60952.900070904
2022-05-21,treasury,3533.961532071
2022-04-16,general_contract,60952.720772676
2022-03-12,token_contract,281475.434349452
2022-05-04,hot_wallet,7754.948657622
2022-01-17,swap_router,1e-18
2022-03-15,swap_router,1e-18
2022-03-24,pool,727428.440370113
2022-03-25,token_contract,287833.687686127
2022-03-05,toxic,1e-18
2022-04-09,hot_wallet,6131.421513664
2022-01-04,rewards,1e-18
2022-01-24,treasury,2351.772747265
2022-03-21,swap_contract,4.2e-17
2022-02-09,hot_wallet,7162.480624005
2022-02-18,token_contract,243299.392553549
2022-04-08,bridge,87.636880671
2022-02-18,hot_wallet,7540.055462094
2022-04-24,contract_deployer,1e-18
2022-06-06,bridge,87.290297997
2022-02-21,swap_contract,4.2e-17
2022-03-18,distributor_cex,0.000005828418349
2022-05-22,token_contract,348756.732432044
2022-05-27,toxic,12.408389711
2022-02-13,swap_contract,4.2e-17
2022-01-15,contract_deployer,1e-18
2022-05-29,vault,22039.178198605
2022-06-13,distributor_cex,0.000005828418349
2021-12-26,distributor_cex,1.619909659
2022-02-06,treasury,2521.205367951
2022-05-23,rewards,1e-18
2022-02-23,swap_router,1e-18
2022-04-12,swap_router,1e-18
2022-05-27,nf_position_manager,1e-18
2022-05-18,swap_router,1e-18
2022-05-08,treasury,3345.708699903
2022-01-28,rewards,1e-18
2021-12-15,swap_router,2e-18
2022-03-28,distributor_cex,0.000005828418349
2022-06-02,deposit_wallet,725.401295628
2021-12-30,token_contract,130466.992868085
2022-01-31,deposit_wallet,487.148445578
2022-02-13,swap_router,1e-18
2022-04-20,token_contract,332302.374238777
2022-01-07,swap_contract,4.2e-17
2022-01-27,swap_contract,4.2e-17
2022-03-05,swap_contract,4.2e-17
2022-04-21,pool,793076.059755848
2022-02-17,pool,610745.196924856
2022-01-16,contract_deployer,1e-18
2022-05-22,vault,19651.718514991
2022-04-20,treasury,3317.507002138
2022-05-12,swap_contract,4.5e-17
2022-04-09,swap_router,1e-18
2022-06-06,nf_position_manager,1e-18
2022-03-01,rewards,1e-18
2022-03-13,treasury,3012.002275714
2022-04-30,treasury,3167.387348894
2022-04-03,distributor_cex,0.000005828418349
2021-12-24,treasury,1968.66996308
2022-02-11,swap_router,1e-18
2022-05-22,swap_router,1e-18
2022-01-09,treasury,2164.399170638
2022-06-07,swap_router,1e-18
2022-03-01,treasury,2834.5350734
2022-01-31,swap_router,1e-18
2022-04-28,toxic,12.408389711
2022-02-27,bridge,9.810684828
2022-05-24,distributor_cex,0.000005828418349
2022-02-04,toxic,1e-18
2022-02-14,toxic,1e-18
2022-03-24,distributor_cex,0.000005828418349
2022-01-21,swap_contract,4.2e-17
2022-05-06,deposit_wallet,578.944861498
2022-02-06,deposit_wallet,492.142745578
2022-02-21,treasury,2722.966233095
2022-03-24,general_contract,60988.113979404
2022-01-28,pool,594631.004559107
2022-04-06,vault,499276.173289337
2022-05-31,deposit_wallet,725.401295628
2022-03-13,token_contract,283488.634140567
2022-03-09,swap_contract,4.2e-17
2022-03-18,token_contract,290635.012175584
2022-03-28,toxic,12.408389711
2022-05-13,bridge,92.620586269
2022-01-20,distributor_cex,1.619909659
2022-05-20,swap_contract,4.5e-17
2022-03-24,toxic,12.408389711
2022-05-29,pool,681170.016797541
2022-01-17,swap_contract,4.2e-17
2022-05-23,vault,24401.926778581
2022-02-07,rewards,1e-18
2022-05-30,pool,673704.822080028
2022-04-02,swap_contract,4.2e-17
2022-04-15,contract_deployer,1e-18
2021-12-25,hot_wallet,44666.149113921
2022-03-07,toxic,1e-18
2022-02-25,vault,272614.290294621
2022-03-20,distributor_cex,0.000005828418349
2022-03-16,rewards,1e-18
2021-12-19,swap_router,1e-18
2022-04-26,rewards,1e-18
2022-05-31,rewards,1e-18
2022-01-11,general_contract,57457.160773703
2022-04-17,deposit_wallet,563.047220499
2021-12-24,general_contract,38232.475788534
2022-01-29,hot_wallet,7017.207379586
2022-04-06,pool,810055.951435429
2022-04-26,token_contract,335506.312404702
2022-01-04,general_contract,62727.891087788
2022-01-27,general_contract,57488.530942158
2022-05-18,swap_contract,4.5e-17
2022-03-30,vault,466872.160145816
2022-04-15,hot_wallet,7837.685063231
2022-04-14,bridge,87.636880671
2022-03-16,toxic,12.408389711
2022-01-30,hot_wallet,7029.294365801
2022-05-24,token_contract,359855.844365983
2022-01-05,vault,123655.520121542
2022-01-30,contract_deployer,1e-18
2021-12-28,contract_deployer,1e-18
2022-06-13,bridge,87.290297997
2022-04-21,hot_wallet,7241.429994048
2022-02-19,vault,221016.487230473
2022-05-28,vault,22044.797235301
2022-02-09,vault,207355.573918621
2022-04-14,swap_router,1e-18
2021-12-19,hot_wallet,37519.609459606
2022-02-19,pool,614663.349169343
2022-02-02,rewards,1e-18
2021-12-22,pool,642844.509232407
2022-06-08,hot_wallet,29747.471706069
2022-01-04,distributor_cex,1.619909659
2022-06-01,contract_deployer,0.01220955203
2022-04-11,hot_wallet,6131.421513664
2022-03-18,hot_wallet,3268.121177455
2022-01-14,contract_deployer,1e-18
2022-03-28,token_contract,288294.14605988
2022-01-27,swap_router,1e-18
2022-01-19,swap_contract,4.2e-17
2022-02-24,contract_deployer,1e-18
2022-01-05,swap_router,1e-18
2022-05-04,toxic,12.408389711
2022-01-24,distributor_cex,1.619909659
2022-01-09,distributor_cex,1.619909659
2022-02-04,token_contract,213225.131745177
2022-04-30,bridge,93.498026874
2022-01-17,distributor_cex,1.619909659
2022-04-25,rewards,1e-18
2022-03-25,general_contract,60988.077858428
2022-05-11,toxic,12.408389711
2022-05-06,general_contract,57684.694869337
2022-03-01,toxic,1e-18
2022-06-04,deposit_wallet,725.401295628
2022-05-26,contract_deployer,0.01220955203
2022-01-30,deposit_wallet,487.148445578
2022-02-10,contract_deployer,1e-18
2022-03-10,token_contract,276496.329311682
2022-06-10,deposit_wallet,780.339658378
2022-03-13,general_contract,58248.647652439
2022-02-02,general_contract,57493.949547938
2022-04-29,hot_wallet,7418.871327959
2022-02-15,swap_contract,4.2e-17
2022-01-26,treasury,2377.608352345
2022-03-15,toxic,12.408389711
2022-01-16,treasury,2251.568547995
2022-01-24,vault,181700.364869289
2022-01-06,token_contract,138431.821222451
2022-01-19,toxic,1e-18
2022-04-04,treasury,3386.7844516
2021-12-21,rewards,1e-18
2022-03-06,pool,614159.47827041
2022-04-10,distributor_cex,0.000005828418349
2022-02-19,toxic,1e-18
2021-12-29,token_contract,130743.658013355
2022-05-16,toxic,12.408389711
2021-12-23,swap_router,1e-18
2022-05-10,distributor_cex,0.000005828418349
2022-05-11,distributor_cex,0.000005828418349
2022-02-13,bridge,9.338091937
2022-05-12,swap_router,1e-18
2022-01-30,treasury,2429.438687027
2022-06-01,nf_position_manager,1e-18
2022-03-30,toxic,12.408389711
2022-04-07,swap_router,1e-18
2022-02-02,treasury,2468.648010199
2022-02-04,general_contract,57493.752674231
2022-04-22,deposit_wallet,564.047220509
2022-01-03,deposit_wallet,447.219701918
2022-01-18,general_contract,57457.138921748
2022-03-14,deposit_wallet,537.711394405
2022-01-18,hot_wallet,6663.636139798
2022-02-26,deposit_wallet,521.988019952
2022-03-18,general_contract,60987.728498286
2022-01-04,toxic,1e-18
2022-02-27,deposit_wallet,520.759619428
2022-05-15,contract_deployer,1e-18
2021-12-19,rewards,1e-18
2022-04-05,hot_wallet,6141.671796366
2022-02-11,swap_contract,4.2e-17
2022-02-19,token_contract,247209.941488203
2021-12-20,pool,637860.998522396
2022-01-24,hot_wallet,9981.256074605
2022-05-21,swap_contract,4.4e-17
2022-06-07,toxic,12.408389711
2022-04-26,contract_deployer,1e-18
2022-03-13,pool,658577.290608157
2022-03-23,toxic,12.408389711
2022-05-04,nf_position_manager,0.004126517151
2022-02-16,swap_router,1e-18
2022-04-11,vault,495529.978530979
2022-05-09,nf_position_manager,0.004126517151
2022-06-10,token_contract,458809.940557433
2022-02-08,toxic,1e-18
2022-01-25,contract_deployer,1e-18
2022-03-12,bridge,54.728291055
2022-04-09,rewards,1e-18
2022-06-07,nf_position_manager,1e-18
2022-02-20,swap_contract,4.2e-17
2022-05-23,general_contract,65968.683230964
2022-04-18,hot_wallet,7687.906413945
2022-04-19,deposit_wallet,563.047220499
2022-02-04,deposit_wallet,487.148445578
2022-02-11,general_contract,57498.05711646
2021-12-18,distributor_cex,1.619909659
2022-02-26,vault,277540.752313801
2022-02-18,general_contract,57491.716712868
2022-03-03,hot_wallet,3134.800628068
2022-04-21,token_contract,336323.626378464
2022-02-28,hot_wallet,3105.30342089
2021-12-19,pool,638384.158288685
2022-04-11,treasury,3443.656788823
2022-01-17,vault,146278.666437899
2021-12-17,toxic,1e-18
2022-03-16,hot_wallet,3246.050740769
2022-04-23,swap_router,1e-18
2022-06-06,hot_wallet,11336.903035243
2022-02-24,vault,269029.119578706
2022-05-17,swap_router,1e-18
2022-02-19,contract_deployer,1e-18
2022-02-01,rewards,1e-18
2022-05-29,hot_wallet,10983.254097053
2022-03-02,bridge,9.810684828
2022-05-26,pool,702443.242113216
2022-02-11,bridge,6.267444713
2022-01-05,distributor_cex,1.619909659
2022-06-10,bridge,87.290297997
2022-03-20,toxic,12.408389711
2021-12-26,toxic,1e-18
2022-01-31,rewards,1e-18
2022-03-07,contract_deployer,1e-18
2022-05-28,distributor_cex,0.000005828418349
2022-02-05,token_contract,218118.247590346
2022-03-12,general_contract,58247.479434368
2022-04-09,deposit_wallet,563.046092114
2022-04-28,deposit_wallet,578.944861498
2022-01-31,swap_contract,4.2e-17
2022-02-15,deposit_wallet,510.659361164
2022-03-10,general_contract,58237.592300788
2022-06-09,bridge,87.290297997
2022-05-26,general_contract,65887.586902689
2022-03-28,treasury,3259.108716101
2021-12-25,general_contract,38232.8734759
2022-05-24,hot_wallet,10285.164612218
2022-05-14,hot_wallet,10035.892985372
2022-02-28,general_contract,57174.709828489
2022-02-27,vault,279523.016893963
2022-03-09,vault,358426.517544
2022-03-04,token_contract,271028.837313609
2022-03-01,general_contract,57174.477402463
2022-02-18,contract_deployer,1e-18
2021-12-29,swap_contract,4.2e-17
2021-12-17,contract_deployer,1e-18
2021-12-17,distributor_cex,1.619909659
2022-01-06,toxic,1e-18
2022-04-28,token_contract,339762.657805941
2022-04-06,hot_wallet,6140.292978684
2022-06-11,token_contract,459514.235008018
2022-02-09,distributor_cex,1.619909659
2022-05-06,token_contract,333559.318057272
2021-12-24,swap_contract,4.2e-17
2022-03-08,hot_wallet,3129.073554468
2022-04-15,bridge,87.636880671
2021-12-31,swap_contract,4.2e-17
2022-02-23,distributor_cex,0.000005828418349
2022-06-06,contract_deployer,0.01220955203
2022-05-31,toxic,12.408389711
2021-12-20,distributor_cex,1.619909659
2022-02-24,distributor_cex,0.000005828418349
2022-05-17,distributor_cex,0.000005828418349
2022-06-08,bridge,87.290297997
2022-02-13,rewards,1e-18
2022-01-18,distributor_cex,1.619909659
2022-03-14,treasury,3027.503770487
2022-04-28,bridge,92.852054595
2022-03-16,swap_router,1e-18
2022-04-13,bridge,87.636880671
2022-01-22,general_contract,57452.663934722
2022-03-03,deposit_wallet,531.579813403
2022-03-15,token_contract,285273.08585986
2022-04-01,general_contract,61003.131347243
2022-04-29,pool,828854.530344275
2021-12-17,swap_contract,4.2e-17
2021-12-25,vault,115974.713799273
2021-12-25,pool,640445.334623171
2022-01-13,hot_wallet,6623.830016811
2022-06-12,distributor_cex,0.000005828418349
2022-06-13,contract_deployer,0.01220955203
2021-12-21,hot_wallet,37611.150072498
2022-04-27,contract_deployer,1e-18
2022-03-12,swap_router,1e-18
2022-01-10,pool,637962.076362839
2022-06-08,swap_contract,4.6e-17
2022-03-02,swap_router,1e-18
2022-03-12,vault,360475.103840239
2022-03-18,swap_contract,4.2e-17
2022-05-26,token_contract,364725.55998195
2022-04-04,bridge,87.636880671
2022-03-04,contract_deployer,1e-18
2022-04-27,token_contract,339056.397717652
2021-12-31,vault,109503.508438875
2022-06-02,toxic,12.408389711
2022-05-08,swap_router,1e-18
2021-12-15,treasury,1894.840530903
2021-12-21,treasury,1932.705965366
2022-01-13,rewards,1e-18
2022-06-04,bridge,87.290297997
2022-03-15,rewards,1e-18
2022-05-21,contract_deployer,1e-18
2022-04-10,rewards,1e-18
2022-05-30,contract_deployer,0.01220955203
2022-03-17,treasury,3074.520407716
2022-05-08,rewards,1e-18
2022-04-20,distributor_cex,0.000005828418349
2022-03-13,bridge,57.95398679
2022-06-04,treasury,3705.68470533
2021-12-27,general_contract,38232.697634623
2022-02-14,token_contract,241909.358919155
2022-04-25,deposit_wallet,571.801020146
2022-05-10,pool,972866.809756318
2022-01-07,distributor_cex,1.619909659
2022-02-06,general_contract,57498.629673763
2022-03-23,vault,462801.063391371
2021-12-31,contract_deployer,1e-18
2022-06-05,deposit_wallet,725.411295628
2022-02-04,vault,208473.192717211
2022-04-03,general_contract,60949.083215609
2022-01-29,pool,634789.266826261
2022-02-15,token_contract,243721.498380361
2022-01-09,vault,147867.796372661
2022-02-20,pool,611694.108714472
2022-03-21,rewards,1e-18
2022-01-02,hot_wallet,44950.91504281
2022-02-07,pool,621914.931951431
2022-02-27,pool,603719.953950817
2022-02-24,rewards,1e-18
2022-06-06,general_contract,65583.218597008
2021-12-18,swap_contract,4.2e-17
2022-01-08,hot_wallet,18549.147718783
2022-01-21,pool,617503.756759672
2022-03-28,swap_router,1e-18
2022-04-15,token_contract,313195.867807094
2022-01-02,swap_router,1e-18
2022-06-09,swap_contract,4.6e-17
2022-02-12,vault,207605.573110191
2022-01-01,vault,109305.751123031
2022-02-20,hot_wallet,7795.052404947
2022-05-01,hot_wallet,7457.192909519
2022-01-02,contract_deployer,1e-18
2022-03-14,swap_contract,4.2e-17
2022-02-06,vault,208222.299873771
2022-05-05,swap_contract,4.5e-17
2022-01-17,treasury,2263.969922297
2022-05-07,token_contract,344977.19792688
2022-05-27,rewards,1e-18
2022-03-07,rewards,1e-18
2022-06-13,token_contract,434796.062957083
2022-04-16,swap_router,1e-18
2022-04-12,toxic,12.408389711
2022-04-26,treasury,3080.645480153
2022-01-01,hot_wallet,44920.229678194
2022-05-18,contract_deployer,1e-18
2022-02-08,rewards,1e-18
2022-04-15,rewards,1e-18
2022-03-11,bridge,11.284070944
2022-02-03,contract_deployer,1e-18
2022-04-17,distributor_cex,0.000005828418349
2022-05-19,swap_router,1e-18
2022-05-22,distributor_cex,0.000005828418349
2021-12-20,deposit_wallet,448.144329775
2022-05-24,deposit_wallet,663.983083876
2022-05-14,deposit_wallet,663.550556082
2022-05-03,deposit_wallet,578.944861498
2022-04-10,deposit_wallet,563.046092114
2022-01-31,general_contract,57488.676484095
2022-04-21,general_contract,61076.00916351
2022-05-07,pool,842522.554143407
2022-04-21,toxic,12.408389711
2022-01-10,rewards,1e-18
2022-02-28,swap_contract,4.2e-17
2022-04-13,hot_wallet,7051.23621812
2021-12-19,vault,112916.087708658
2021-12-19,toxic,1e-18
2022-05-18,hot_wallet,11409.469521636
2022-04-29,treasury,3145.335831827
2022-04-03,bridge,87.636880671
2021-12-21,vault,113815.57217297
2022-01-31,hot_wallet,7029.294365801
2022-06-06,pool,684705.58137135
2022-03-30,contract_deployer,1e-18
2022-03-20,pool,678987.66677722
2022-05-06,swap_router,1e-18
2022-02-09,bridge,6.267444713
2022-05-12,toxic,12.408389711
2022-06-11,bridge,87.290297997
2022-03-23,swap_router,1e-18
2022-01-27,hot_wallet,6991.015388607
2022-06-10,rewards,1e-18
2022-02-04,rewards,1e-18
2022-03-08,distributor_cex,0.000005828418349
2022-01-01,toxic,1e-18
2022-04-06,rewards,1e-18
2022-04-01,vault,499638.645739922
2022-03-19,hot_wallet,3271.131114749
2022-03-24,swap_router,1e-18
2022-02-26,pool,602604.817261068
2022-02-16,pool,610191.628645569
2022-05-08,token_contract,353687.280783138
2022-01-21,rewards,1e-18
2022-03-01,token_contract,273733.906093041
2021-12-25,contract_deployer,1e-18
2022-02-20,distributor_cex,0.000005828418349
2022-01-22,treasury,2326.562298704
2022-02-20,toxic,1e-18
2022-03-23,distributor_cex,0.000005828418349
2022-01-22,toxic,1e-18
2022-01-11,pool,638152.972229846
2022-01-29,distributor_cex,1.619909659
2022-05-08,bridge,92.620586269
2022-03-03,vault,286128.188076055
2022-04-01,swap_contract,4.2e-17
2021-12-28,treasury,2017.21784863
2022-05-18,token_contract,329815.282790411
2022-01-27,contract_deployer,1e-18
2022-03-10,bridge,11.181443071
2022-03-19,treasury,3106.345035853
2021-12-22,vault,114399.559666942
2022-06-01,toxic,12.408389711
2022-01-04,treasury,2102.731195544
2022-03-15,contract_deployer,1e-18
2022-06-11,treasury,3941.144915028
2022-04-25,treasury,3059.148685387
2022-01-26,contract_deployer,1e-18
2022-05-12,bridge,92.620586269
2022-05-27,swap_router,1e-18
2022-03-06,bridge,10.248906895
2022-04-18,swap_router,1e-18
2022-01-10,general_contract,57456.804133102
2022-02-04,swap_contract,4.2e-17
2022-05-22,hot_wallet,11464.973212636
2022-05-04,general_contract,60524.762234447
2022-01-05,deposit_wallet,459.219701918
2022-01-13,deposit_wallet,407.229526097
2022-01-18,contract_deployer,1e-18
2022-05-17,pool,577724.936516137
2022-03-04,vault,286576.875303157
2022-02-13,general_contract,57497.977928342
2022-05-11,general_contract,58926.860072366
2022-03-30,bridge,87.605337717
2022-04-28,general_contract,60933.331289836
2022-04-21,swap_contract,4.3e-17
2022-01-05,swap_contract,4.2e-17
2022-05-25,contract_deployer,0.01220955203
2021-12-16,vault,96551.924882032
2022-05-20,general_contract,65949.898531359
2022-01-03,contract_deployer,1e-18
2021-12-29,toxic,1e-18
2022-05-30,token_contract,368411.034054635
2022-06-10,vault,4721.074501491
2022-04-18,treasury,3235.926038437
2022-05-03,nf_position_manager,0.004126517151
2022-01-20,vault,150438.831398565
2022-01-26,distributor_cex,1.619909659
2022-02-16,toxic,1e-18
2022-03-29,token_contract,290365.440414556
2022-04-01,distributor_cex,0.000005828418349
2022-04-18,vault,555073.816540063
2022-01-27,distributor_cex,1.619909659
2022-04-14,toxic,12.408389711
2022-02-24,swap_router,1e-18
2021-12-31,treasury,2053.76056232
2022-06-05,bridge,87.290297997
2022-03-24,rewards,1e-18
2022-03-06,distributor_cex,0.000005828418349
2022-05-27,deposit_wallet,663.983083876
2022-03-21,deposit_wallet,546.365644144
2022-04-20,toxic,12.408389711
2021-12-20,general_contract,38232.460704595
2022-01-28,general_contract,57488.803279067
2022-02-07,deposit_wallet,492.142745578
2022-05-02,swap_contract,4.4e-17
2022-04-11,general_contract,60927.732464365
2022-01-01,general_contract,62735.984330234
2022-05-16,general_contract,60344.617295519
2022-05-22,swap_contract,4.6e-17
2022-05-24,general_contract,65971.667149434
2022-06-12,general_contract,66206.054130606
2022-01-14,hot_wallet,6591.163511871
2022-05-19,general_contract,65949.898531359
2022-01-01,swap_contract,4.2e-17
2022-01-22,swap_router,1e-18
2022-01-14,vault,148022.098388965
2022-02-17,swap_router,1e-18
2021-12-28,swap_router,1e-18
2022-04-08,pool,815528.264105823
2021-12-23,swap_contract,4.2e-17
2022-03-05,pool,611440.355091595
2022-04-03,swap_contract,4.3e-17
2022-03-09,distributor_cex,0.000005828418349
2022-04-16,vault,554995.230197453
2022-04-29,toxic,12.408389711
2022-06-02,vault,6433.983703691
2022-06-11,hot_wallet,105872.186929637
2022-01-02,distributor_cex,1.619909659
2022-01-22,contract_deployer,1e-18
2022-01-09,toxic,1e-18
2021-12-25,toxic,1e-18
2022-04-02,bridge,87.605337717
2022-05-25,rewards,1e-18
2022-01-20,treasury,2301.519415154
2022-03-06,treasury,2906.612462135
2021-12-19,distributor_cex,1.619909659
2022-02-22,vault,231818.98730745
2022-02-17,contract_deployer,1e-18
2022-06-07,treasury,3862.591068219
2022-03-17,distributor_cex,0.000005828418349
2021-12-22,treasury,1944.744102603
2022-01-05,toxic,1e-18
2022-03-26,deposit_wallet,517.175452861
2022-03-28,deposit_wallet,517.176091134
2021-12-28,deposit_wallet,447.319701918
2022-01-06,pool,633187.913521244
2022-01-13,treasury,2213.960033086
2022-05-28,deposit_wallet,663.983083876
2022-02-01,hot_wallet,7075.953672271
2022-01-02,pool,625020.691621268
2022-02-17,token_contract,244771.211889486
2022-02-18,pool,612875.155376085
2022-01-28,hot_wallet,7020.215813944
2022-03-16,swap_contract,4.2e-17
2022-04-03,pool,792620.371085742
2022-03-24,swap_contract,4.2e-17
2022-05-13,token_contract,322862.400864447
2022-01-14,token_contract,161863.173536141
2022-01-19,token_contract,167433.773437036
2022-02-17,hot_wallet,7540.529822879
2022-04-07,hot_wallet,6131.421513664
2022-05-26,swap_router,1e-18
2022-04-23,swap_contract,4.2e-17
2022-01-03,vault,109599.787586304
2022-05-31,nf_position_manager,1e-18
2022-05-02,hot_wallet,7457.192909519
2022-03-31,contract_deployer,1e-18
2022-01-24,token_contract,168240.954180254
2022-01-09,rewards,1e-18
2022-06-03,swap_router,1e-18
2022-02-04,swap_router,1e-18
2022-04-16,treasury,3235.926038437
2022-02-06,rewards,1e-18
2022-01-30,general_contract,57488.959003075
2022-02-08,general_contract,57498.318341932
2022-02-24,deposit_wallet,520.988019952
2022-02-25,deposit_wallet,521.988019952
2022-03-04,pool,612743.808848164
2022-05-25,vault,22033.533906311
2022-05-16,distributor_cex,0.000005828418349
2022-04-27,general_contract,60933.237096939
2022-01-07,token_contract,160998.744555621
2022-04-17,vault,555073.816540063
2022-05-28,general_contract,65510.495069775
2022-02-22,pool,607443.911041216
2022-02-21,rewards,1e-18
2022-04-09,distributor_cex,0.000005828418349
2022-03-16,vault,383927.425627672
2022-04-01,treasury,3330.912686219
2022-01-13,swap_contract,4.2e-17
2022-02-26,swap_contract,4.2e-17
2022-03-04,treasury,2877.356533475
2021-12-31,hot_wallet,44912.254057823
2022-03-24,bridge,83.850387237
2022-01-04,hot_wallet,44981.636252841
2022-06-05,nf_position_manager,1e-18
2022-04-17,toxic,12.408389711
2022-02-27,swap_router,1e-18
2022-05-03,bridge,93.498026874
2021-12-15,distributor_cex,1.619909659
2021-12-18,token_contract,123056.209943133
2021-12-16,rewards,1e-18
2022-03-21,token_contract,283026.792429153
2022-01-12,vault,148470.484026338
2022-03-25,swap_contract,4.2e-17
2022-01-27,rewards,1e-18
2022-05-29,toxic,12.408389711
2021-12-24,toxic,1e-18
2022-01-03,rewards,1e-18
2022-06-04,general_contract,65579.16277944
2022-06-09,deposit_wallet,724.185231729
2022-03-04,general_contract,57174.4799965
2022-04-18,swap_contract,4.2e-17
2022-01-03,swap_contract,4.2e-17
2022-05-01,deposit_wallet,578.944861498
2022-05-30,general_contract,65560.158985373
2022-03-06,token_contract,272584.150253836
2022-06-12,deposit_wallet,788.655273958
2022-05-05,contract_deployer,1e-18
2022-05-21,pool,674710.652186669
2022-06-12,hot_wallet,131572.757122671
2022-05-13,pool,618601.488890614
2021-12-24,distributor_cex,1.619909659
2022-02-02,swap_contract,4.2e-17
2022-05-10,swap_contract,4.5e-17
2022-01-05,contract_deployer,1e-18
2022-05-20,toxic,12.408389711
2022-04-23,distributor_cex,0.000005828418349
2022-04-02,vault,498596.288369121
2022-01-05,token_contract,138291.762663254
2021-12-27,vault,116649.33173582
2022-05-05,distributor_cex,0.000005828418349
2022-06-12,bridge,87.290297997
2022-03-07,token_contract,272145.951105674
2022-03-15,bridge,57.95398679
2021-12-21,distributor_cex,1.619909659
2022-05-04,vault,673322.854731171
2022-04-19,distributor_cex,0.000005828418349
2022-02-19,distributor_cex,0.000005828418349
2022-04-07,bridge,87.636880671
2022-04-26,distributor_cex,0.000005828418349
2022-01-14,treasury,2226.540450174
2022-03-18,swap_router,1e-18
2022-03-30,deposit_wallet,517.176091134
2022-04-27,deposit_wallet,578.944861498
2022-03-20,swap_router,1e-18
2022-02-19,general_contract,57170.829078819
2022-02-24,treasury,2764.185049568
2022-03-01,deposit_wallet,531.579813403
2022-04-30,deposit_wallet,578.944861498
2021-12-15,contract_deployer,1e-18
2022-02-09,token_contract,235151.547986938
2022-06-04,swap_contract,4.6e-17
2022-02-20,contract_deployer,1e-18
2022-05-01,nf_position_manager,0.004126517151
2021-12-31,token_contract,133971.733787395
2022-02-10,hot_wallet,7166.717195755
2022-06-12,swap_contract,4.5e-17
2022-06-03,rewards,1e-18
2022-02-05,contract_deployer,1e-18
2022-02-07,distributor_cex,1.619909659
2022-03-10,swap_router,1e-18
2022-01-26,hot_wallet,9989.422649447
2022-02-14,swap_router,1e-18
2022-01-09,swap_contract,4.2e-17
2022-05-17,hot_wallet,10155.932977965
2022-05-06,hot_wallet,7813.059392835
2022-05-01,swap_contract,4.5e-17
2022-02-19,rewards,1e-18
2022-06-09,treasury,3914.934304604
2022-03-10,contract_deployer,1e-18
2022-04-12,bridge,87.636880671
2022-04-21,vault,585273.060310932
2022-05-02,contract_deployer,1e-18
2022-02-12,toxic,1e-18
2022-05-28,treasury,3601.255208058
2022-01-03,token_contract,137730.413925939
2022-04-07,treasury,3443.656788823
2022-05-01,rewards,1e-18
2022-02-12,bridge,9.338091937
2022-03-22,swap_router,1e-18
2022-04-19,rewards,1e-18
2022-01-30,swap_router,1e-18
2022-01-10,swap_router,1e-18
2022-01-20,contract_deployer,1e-18
2022-04-26,deposit_wallet,570.751020147
2022-01-06,general_contract,62728.13536637
2022-02-12,hot_wallet,7182.117034924
2021-12-23,toxic,1e-18
2022-03-23,token_contract,283668.394757777
2022-05-06,contract_deployer,1e-18
2022-01-06,swap_contract,4.2e-17
2021-12-29,general_contract,62744.959773756
2021-12-27,contract_deployer,1e-18
2022-04-24,general_contract,61318.348675654
2022-01-11,rewards,1e-18
2022-01-08,vault,148037.727075899
2022-03-17,vault,392336.372980599
2022-05-31,pool,672421.225288525
2022-05-30,deposit_wallet,726.401295628
2022-05-20,pool,674710.65218667
2022-03-14,bridge,57.95398679
2022-03-01,bridge,9.810684828
2022-06-05,contract_deployer,0.01220955203
2022-05-26,vault,22033.533906311
2022-03-17,rewards,1e-18
2021-12-26,vault,116087.771280308
2022-01-01,treasury,2065.974864978
2022-02-09,swap_router,1e-18
2022-04-24,treasury,3037.778642551
2022-01-03,toxic,1e-18
2022-05-27,treasury,3523.182795018
2022-03-30,swap_router,1e-18
2022-04-01,rewards,1e-18
2022-03-06,swap_contract,4.2e-17
2022-04-20,vault,584540.851601398
2022-03-05,rewards,1e-18
2022-02-13,toxic,1e-18
2022-05-01,swap_router,1e-18
2022-04-21,bridge,87.636880671
2022-02-27,distributor_cex,0.000005828418349
2022-02-23,swap_contract,4.2e-17
2022-03-12,deposit_wallet,538.711394405
2022-04-06,general_contract,60950.047688777
2022-04-18,deposit_wallet,563.047220499
2021-12-29,hot_wallet,44776.727787886
2022-03-10,pool,649454.69261329
2022-01-12,deposit_wallet,414.110065273
2022-05-16,token_contract,326220.465449316
2022-02-18,swap_router,1e-18
2022-04-14,pool,817614.293846591
2022-01-28,token_contract,195563.192565245
2022-02-27,swap_contract,4.2e-17
2022-03-08,pool,612897.595128665
2022-03-30,treasury,3294.643416851
2022-03-30,token_contract,292997.161662828
2022-06-10,pool,534723.854397401
2022-04-23,token_contract,337150.355524457
2022-01-17,hot_wallet,6659.577986344
2022-01-25,token_contract,165668.048589903
2022-01-31,contract_deployer,1e-18
2022-02-10,distributor_cex,1.619909659
2022-03-08,swap_router,1e-18
2022-05-31,swap_router,1e-18
2022-04-06,swap_contract,4.3e-17
2022-05-20,hot_wallet,11464.973212636
2022-01-21,toxic,1e-18
2022-02-15,distributor_cex,1.619909659
2022-01-21,swap_router,1e-18
2022-06-10,nf_position_manager,1e-18
2022-01-12,rewards,1e-18
2022-05-15,treasury,3509.780302217
2021-12-18,contract_deployer,1e-18
2022-05-15,hot_wallet,10073.533346364
2022-03-05,swap_router,1e-18
2022-05-22,contract_deployer,0.01220955203
2022-03-25,swap_router,1e-18
2022-04-16,bridge,87.636880671
2022-04-24,vault,584015.301341926
2022-02-23,pool,602096.136292386
2022-04-19,general_contract,60952.900070904
2021-12-27,deposit_wallet,447.319701918
2022-05-12,pool,672370.727802692
2022-01-04,vault,125767.22064357
2022-02-12,swap_contract,4.2e-17
2022-03-08,vault,336030.730813065
2022-06-01,token_contract,381486.727925435
2022-01-12,general_contract,57456.93660068
2022-02-10,swap_router,1e-18
2022-01-08,pool,615098.702984739
2022-02-25,pool,602394.712054953
2022-02-21,token_contract,248052.17253524
2022-01-09,token_contract,161560.161774146
2022-05-17,swap_contract,4.4e-17
2022-05-18,toxic,12.408389711
2021-12-28,swap_contract,4.2e-17
2021-12-24,token_contract,127543.417993939
2022-01-07,treasury,2139.604560215
2022-01-08,contract_deployer,1e-18
2021-12-29,vault,116756.126532393
2022-03-09,token_contract,271157.346158868
2022-03-11,token_contract,279501.419834383
2022-01-09,pool,631153.774116762
2022-04-06,toxic,12.408389711
2022-04-03,token_contract,301480.231197905
2022-03-12,rewards,1e-18
2022-05-11,treasury,3415.038824961
2022-04-27,toxic,12.408389711
2022-04-03,toxic,12.408389711
2022-01-06,rewards,1e-18
2022-03-12,contract_deployer,1e-18
2022-02-27,rewards,1e-18
2022-05-15,distributor_cex,0.000005828418349
2022-05-19,treasury,3533.961532071
2022-02-17,distributor_cex,0.000005828418349
2022-02-25,rewards,1e-18
2022-03-31,distributor_cex,0.000005828418349
2022-06-04,swap_router,1e-18
2022-02-07,treasury,2534.230602415
2022-05-16,contract_deployer,1e-18
2022-01-28,swap_router,1e-18
2022-01-31,treasury,2429.438687027
2022-02-11,distributor_cex,1.619909659
2022-06-05,distributor_cex,0.000005828418349
2021-12-23,distributor_cex,1.619909659
2022-03-02,distributor_cex,0.000005828418349
2021-12-18,treasury,1896.728841874
2021-12-23,deposit_wallet,448.144329775
2022-02-20,deposit_wallet,513.209711806
2022-03-18,deposit_wallet,539.521569272
2022-04-09,pool,815528.264105823
2022-04-14,general_contract,60943.245293583
2021-12-30,swap_contract,4.2e-17
2022-02-05,deposit_wallet,492.142745578
2022-03-23,general_contract,60988.059682318
2022-04-07,token_contract,314230.114389496
2021-12-17,general_contract,38232.671954156
2022-05-19,deposit_wallet,663.730933876
2022-02-15,hot_wallet,7196.670949481
2022-03-15,pool,670627.191462383
2022-02-23,vault,267366.77476197
2022-01-09,general_contract,62710.370375414
2022-03-08,bridge,11.289023217
2022-03-02,swap_contract,4.2e-17
2021-12-20,hot_wallet,37612.300072498
2022-03-04,swap_router,1e-18
2022-05-02,pool,827842.146429386
2022-03-10,rewards,1e-18
2022-04-10,contract_deployer,1e-18
2022-06-03,hot_wallet,11336.903035243
2022-05-08,toxic,12.408389711
2022-06-01,vault,6433.983703691
2022-05-04,swap_router,1e-18
2022-01-15,rewards,1e-18
2022-05-21,vault,19651.718514991
2022-04-01,swap_router,1e-18
2022-05-01,contract_deployer,1e-18
2022-06-12,rewards,1e-18
2022-01-27,vault,191989.426709441
2022-02-13,contract_deployer,1e-18
2021-12-31,toxic,1e-18
2022-04-19,swap_contract,4.2e-17
2022-05-12,vault,265730.926734284
2022-03-11,swap_router,1e-18
2022-01-25,treasury,2364.622587581
2022-01-25,distributor_cex,1.619909659
2022-04-27,bridge,91.822730662
2022-06-11,swap_router,1e-18
2022-01-14,toxic,1e-18
2022-03-18,rewards,1e-18
2021-12-29,treasury,2029.338935449
2022-06-09,distributor_cex,0.000005828418349
2022-01-15,treasury,2239.066687402
2022-02-23,treasury,2750.424613077
2022-01-10,deposit_wallet,414.110065273
2022-05-11,deposit_wallet,581.557962576
2022-05-08,general_contract,58988.496190757
2022-04-18,general_contract,60952.900070904
2022-02-16,general_contract,57492.241340466
2022-01-22,rewards,1e-18
2022-05-08,pool,879685.488548267
2022-05-09,general_contract,58897.982904171
2022-06-13,nf_position_manager,1e-18
2022-03-31,hot_wallet,6600.208184243
2022-02-19,hot_wallet,7642.988510464
2022-02-05,vault,208174.167943071
2022-01-20,token_contract,168327.198459114
2022-05-06,rewards,1e-18
2021-12-30,contract_deployer,1e-18
2022-03-20,token_contract,288391.987209093
2022-02-26,hot_wallet,3096.271662753
2022-06-01,bridge,87.290297997
2021-12-25,rewards,1e-18
2022-01-19,vault,145144.324182244
2022-04-08,hot_wallet,6131.421513664
2022-02-14,rewards,1e-18
2022-03-21,bridge,83.924980422
2022-05-27,hot_wallet,10386.029445049
2022-02-21,bridge,9.647649927
2022-06-13,toxic,12.408389711
2022-06-12,vault,4085.391256936
2021-12-25,token_contract,127559.005407965
2022-03-01,hot_wallet,3128.953921109
2022-05-24,bridge,94.240940141
2022-02-26,swap_router,1e-18
2022-01-17,contract_deployer,1e-18
2022-05-30,nf_position_manager,1e-18
2022-02-25,swap_contract,4.2e-17
2022-05-20,token_contract,348756.732432044
2022-04-02,rewards,1e-18
2022-04-10,bridge,87.636880671
2022-02-02,vault,211051.297220555
2022-01-31,vault,150088.428131158
2022-03-21,distributor_cex,0.000005828418349
2022-04-17,rewards,1e-18
2022-03-17,swap_router,1e-18
2021-12-21,swap_router,1e-18
2022-03-19,general_contract,60987.700307591
2022-03-24,deposit_wallet,551.711077459
2022-04-05,general_contract,60950.461048757
2022-05-05,deposit_wallet,578.944861498
2022-04-06,deposit_wallet,562.976092114
2022-04-21,distributor_cex,0.000005828418349
2021-12-31,general_contract,62745.422506706
2022-05-17,general_contract,65872.832727898
2022-04-22,hot_wallet,7256.551672455
2022-01-03,hot_wallet,44967.869366272
2022-02-23,general_contract,57172.135285665
2021-12-28,general_contract,38232.429265243
2022-04-05,pool,806125.464127253
2022-02-15,treasury,2640.993089161
2022-05-18,treasury,3533.961532071
2022-02-20,token_contract,247090.366445525
2022-03-17,pool,683273.359906793
2022-01-18,swap_router,1e-18
2022-01-30,swap_contract,4.2e-17
2022-03-10,swap_contract,4.2e-17
2022-05-26,rewards,1e-18
2022-04-05,vault,498863.223566241
2022-05-09,vault,590503.851431394
2021-12-16,treasury,1906.743893358
2022-02-14,hot_wallet,7195.706133554
2022-01-17,token_contract,166683.396753904
2022-03-17,toxic,12.408389711
2022-04-16,contract_deployer,1e-18
2022-01-19,distributor_cex,1.619909659
2022-01-06,treasury,2127.267582908
2021-12-16,token_contract,121037.064862922
2022-01-13,vault,149363.582691401
2022-03-16,distributor_cex,0.000005828418349
2022-04-13,token_contract,312095.034543621
2022-03-11,vault,358809.814984919
2022-05-07,distributor_cex,0.000005828418349
2022-06-03,contract_deployer,0.01220955203
2022-01-11,distributor_cex,1.619909659
2022-06-12,swap_router,1e-18
2022-05-24,nf_position_manager,1e-18
2022-04-25,swap_router,1e-18
2022-04-06,swap_router,1e-18
2022-04-29,contract_deployer,1e-18
2022-06-03,distributor_cex,0.000005828418349
2022-02-18,distributor_cex,0.000005828418349
2022-06-04,nf_position_manager,1e-18
2022-04-12,treasury,3540.647990675
2022-06-08,contract_deployer,0.01220955203
2022-05-10,toxic,12.408389711
2021-12-20,contract_deployer,1e-18
2022-01-23,treasury,2339.130948921
2022-05-23,deposit_wallet,663.730933876
2022-01-23,general_contract,57452.197759065
2022-01-28,deposit_wallet,487.148445578
2022-04-25,general_contract,61323.608592279
2022-01-19,deposit_wallet,509.233893506
2022-05-26,deposit_wallet,663.983083876
2022-04-23,general_contract,61074.862450857
2022-06-05,general_contract,65583.218597008
2021-12-17,token_contract,122786.504640516
2022-02-25,contract_deployer,1e-18
2022-05-17,vault,34632.201758878
2022-02-05,swap_contract,4.2e-17
2022-02-09,pool,624748.96417959
2022-01-10,swap_contract,4.2e-17
2022-02-07,swap_contract,4.2e-17
2021-12-17,vault,96707.678935208
2022-03-05,contract_deployer,1e-18
2021-12-23,contract_deployer,1e-18
2022-01-06,distributor_cex,1.619909659
2022-04-07,rewards,1e-18
2022-04-25,vault,584335.660606186
2022-04-27,rewards,1e-18
2021-12-22,rewards,1e-18
2022-05-06,bridge,92.591957277
2022-02-23,bridge,9.647649927
2022-01-02,rewards,1e-18
2021-12-27,distributor_cex,1.619909659
2022-05-15,toxic,12.408389711
2022-04-19,treasury,3235.926038437
2022-04-09,bridge,87.636880671
2022-02-27,contract_deployer,1e-18
2022-04-15,swap_router,1e-18
2022-01-27,treasury,2390.602711778
2022-05-02,nf_position_manager,0.004126517151
2022-05-29,rewards,1e-18
2022-01-20,toxic,1e-18
2022-01-31,distributor_cex,1.619909659
2022-01-30,rewards,1e-18
2022-01-24,rewards,1e-18
2022-02-05,hot_wallet,7080.145639083
2022-01-21,general_contract,57453.590927407
2022-04-21,deposit_wallet,564.747220509
2022-02-07,hot_wallet,7125.424907399
2022-04-16,hot_wallet,7687.886208803
2022-01-11,token_contract,161310.793858157
2022-01-22,distributor_cex,1.619909659
2022-01-29,treasury,2416.395801315
2022-03-13,hot_wallet,3247.429953334
2022-01-12,distributor_cex,1.619909659
2022-06-04,pool,682982.838180284
2022-03-09,treasury,2951.096769406
2022-02-16,vault,219294.748726819
2022-02-07,swap_router,1e-18
2022-01-21,vault,172537.962714634
2022-04-26,bridge,91.822730662
2022-05-28,token_contract,366953.434673958
2022-05-31,distributor_cex,0.000005828418349
2022-03-28,contract_deployer,1e-18
2022-05-14,token_contract,328893.445743139
2022-02-08,contract_deployer,1e-18
2022-05-11,bridge,92.620586269
2022-05-13,contract_deployer,1e-18
2022-05-21,distributor_cex,0.000005828418349
2021-12-30,toxic,1e-18
2022-01-18,vault,146242.593156114
2022-05-09,swap_router,1e-18
2022-04-13,contract_deployer,1e-18
2022-05-04,treasury,3167.387348894
2022-05-24,swap_router,1e-18
2021-12-17,rewards,1e-18
2022-04-06,distributor_cex,0.000005828418349
2022-06-09,general_contract,66098.951310301
2022-06-07,vault,5227.991730759
2022-05-22,pool,674710.652186669
2022-03-23,deposit_wallet,551.481077459
2022-05-15,deposit_wallet,663.550556082
2022-01-03,general_contract,62727.8775518
2021-12-29,deposit_wallet,447.319701918
2022-01-29,general_contract,57488.555513881
2022-02-12,deposit_wallet,500.149745578
2022-03-08,general_contract,57239.753381435
2022-03-06,deposit_wallet,531.579813413
2022-02-19,deposit_wallet,513.301648828
2022-05-08,deposit_wallet,580.144861501
2022-02-13,pool,606925.606833133
2022-06-13,treasury,4019.622125368
2022-04-02,pool,787485.396981931
2022-04-05,token_contract,308785.121822472
2022-02-27,token_contract,282216.8016068
2022-02-05,pool,626775.768576729
2022-02-25,treasury,2778.131528738
2022-02-05,treasury,2508.031741077
2022-02-16,treasury,2654.502838112
2022-06-05,hot_wallet,11336.903035243
2022-04-02,distributor_cex,0.000005828418349
2022-05-27,pool,713756.686937702
2022-03-26,toxic,12.408389711
2022-05-19,token_contract,348756.732432044
2022-02-24,pool,601761.396840456
2022-05-14,treasury,3485.766597687
2022-04-23,treasury,3016.563183938
2022-02-25,bridge,9.647649927
2022-02-02,toxic,1e-18
2022-01-08,swap_router,1e-18
2022-06-11,rewards,1e-18
2021-12-26,rewards,1e-18
2022-02-02,contract_deployer,1e-18
2022-02-15,contract_deployer,1e-18
2022-04-03,swap_router,1e-18
2022-01-08,toxic,1e-18
2022-05-02,swap_router,1e-18
2022-05-16,bridge,94.230248921
2022-04-13,distributor_cex,0.000005828418349
2022-01-13,general_contract,57457.375671679
2022-03-19,pool,675565.450909681
2022-04-08,deposit_wallet,563.046092114
2021-12-22,distributor_cex,1.619909659
2021-12-24,hot_wallet,44666.149113921
2022-05-23,bridge,94.240940141
2022-04-17,contract_deployer,1e-18
2022-04-25,pool,817740.241501804
2022-02-03,hot_wallet,7077.941494047
2022-03-26,token_contract,287737.548756799
2022-03-31,pool,775669.738167544
2022-05-14,bridge,94.403508921
2022-01-22,token_contract,167342.381530532
2022-02-21,pool,613021.58044614
2022-06-05,vault,6433.983703691
2022-03-25,vault,466752.216123004
2022-06-09,token_contract,429675.952184656
2022-04-19,token_contract,316314.448038059
2022-02-20,bridge,9.647649927
2022-03-09,swap_router,1e-18
2022-05-05,toxic,12.408389711
2022-06-10,contract_deployer,0.01220955203
2022-06-07,contract_deployer,0.01220955203
2022-06-06,distributor_cex,0.000005828418349
2022-05-12,contract_deployer,1e-18
2021-12-28,token_contract,130182.414734071
2022-05-11,nf_position_manager,0.004126517151
2022-03-10,distributor_cex,0.000005828418349
2022-01-17,rewards,1e-18
2021-12-20,treasury,1920.610580114
2022-01-02,treasury,2078.232931833
2022-02-03,rewards,1e-18
2022-02-26,distributor_cex,0.000005828418349
2022-03-19,deposit_wallet,541.805293044
2021-12-30,rewards,1e-18
2022-02-13,deposit_wallet,500.6416826
2022-05-10,general_contract,58897.982904171
2022-05-24,pool,703076.506255037
2022-04-04,general_contract,60949.882653384
2021-12-30,pool,623557.405365929
2022-03-29,swap_router,1e-18
2022-01-05,general_contract,62727.892913308
2022-02-15,swap_router,1e-18
2022-04-26,general_contract,61323.168772594
2022-05-31,general_contract,65580.760546237
2022-03-30,pool,746516.076525826
2022-04-25,bridge,87.636880671
2022-04-13,toxic,12.408389711
2022-04-07,pool,815528.264105824
2022-04-04,swap_contract,4.3e-17
2022-04-15,toxic,12.408389711
2021-12-28,vault,116914.109542604
2021-12-29,rewards,1e-18
2022-03-28,hot_wallet,6224.182068799
2022-01-20,swap_contract,4.2e-17
2022-04-15,vault,554557.640684671
2022-01-16,pool,630394.625225228
2022-02-16,swap_contract,4.2e-17
2022-03-09,hot_wallet,3184.694932077
2022-01-28,vault,191496.932936651
2022-05-27,bridge,94.241041579
2022-06-09,pool,653686.498597553
2022-05-23,treasury,3471.707795001
2022-06-06,toxic,12.408389711
2022-04-04,swap_router,1e-18
2022-05-28,toxic,12.408389711
2022-01-15,swap_router,1e-18
2021-12-27,treasury,2005.081880533
2022-04-03,vault,498540.620862151
2022-06-01,treasury,3705.68470533
2022-01-19,treasury,2288.955845751
2022-02-22,bridge,9.647649927
2022-04-07,vault,495529.978530979
2022-05-24,rewards,1e-18
2022-04-25,distributor_cex,0.000005828418349
2022-02-02,distributor_cex,1.619909659
2022-06-07,distributor_cex,0.000005828418349
2022-04-11,rewards,1e-18
2022-01-03,distributor_cex,1.619909659
2022-05-07,deposit_wallet,580.144861501
2021-12-26,general_contract,38232.260391533
2022-01-02,deposit_wallet,447.219701918
2022-03-29,general_contract,61000.247719294
2022-01-20,pool,616110.079087628
2022-03-07,pool,619347.21311633
2022-03-14,general_contract,58405.23027777
2022-03-15,vault,378558.273751913
2022-05-21,token_contract,348756.732432044
2021-12-21,swap_contract,4.2e-17
2022-01-22,swap_contract,4.2e-17
2022-02-13,treasury,2614.09489221
2022-03-14,token_contract,284767.587945845
2022-03-14,vault,377726.898580401
2022-01-25,swap_contract,4.2e-17
2022-05-14,swap_contract,4.5e-17
2022-04-09,toxic,12.408389711
2022-02-08,bridge,0.01007873403
2022-04-20,swap_contract,4.3e-17
2022-06-02,pool,666815.773797776
2021-12-22,swap_contract,4.2e-17
2022-05-24,toxic,12.408389711
2022-02-05,rewards,1e-18
2022-05-06,vault,672037.44412201
2022-06-09,toxic,12.408389711
2022-02-11,vault,207306.326406521
2022-02-28,bridge,9.810684828
2022-03-29,contract_deployer,1e-18
2022-03-11,distributor_cex,0.000005828418349
2022-05-10,nf_position_manager,0.004126517151
2022-05-19,distributor_cex,0.000005828418349
2022-06-10,toxic,12.408389711
2022-04-20,rewards,1e-18
2022-03-19,swap_router,1e-18
2022-04-08,vault,495529.978530979
2022-02-04,contract_deployer,1e-18
2022-01-11,deposit_wallet,414.110065273
2022-06-08,deposit_wallet,725.185231729
2022-05-22,deposit_wallet,663.730933876
2021-12-15,general_contract,38232.549029444
2022-03-05,hot_wallet,3110.630537937
2022-04-13,general_contract,60942.848796825
2022-04-17,swap_router,1e-18
2021-12-30,general_contract,62744.730931549
2022-06-01,swap_contract,4.5e-17
2022-04-30,pool,827842.146429386
2022-06-02,general_contract,65579.16277944
2022-04-11,swap_contract,4.2e-17
2022-02-12,rewards,1e-18
2022-02-28,token_contract,284915.408999419
2022-01-05,pool,627126.659993208
2021-12-21,pool,642002.62808953
2021-12-26,swap_router,1e-18
2022-03-26,swap_router,1e-18
2022-03-18,pool,674245.13886949
2022-05-17,toxic,12.408389711
2022-02-15,toxic,1e-18
2022-06-04,vault,6433.983703691
2022-05-06,toxic,12.408389711
2022-06-12,toxic,12.408389711
2022-01-12,swap_router,1e-18
2022-01-16,vault,147854.67801195
2022-05-20,bridge,94.240920126
2022-06-08,vault,5168.854746019
2022-03-23,contract_deployer,1e-18
2022-06-08,distributor_cex,0.000005828418349
2022-06-02,distributor_cex,0.000005828418349
2022-01-08,treasury,2151.974139183
2022-05-28,bridge,88.525525397
2022-05-17,bridge,94.240920126
2022-06-01,distributor_cex,0.000005828418349
2022-02-06,toxic,1e-18
2022-04-11,distributor_cex,0.000005828418349
2022-04-02,deposit_wallet,518.476092114
2022-01-16,general_contract,57457.089367656
2022-02-14,deposit_wallet,500.6616826
2022-04-25,token_contract,331933.943381838
2021-12-30,hot_wallet,44863.619851974
2022-02-01,general_contract,57493.728117768
2022-05-15,pool,563355.871817107
2022-04-18,pool,807320.857265568
2022-05-03,pool,827842.146429386
2022-04-12,token_contract,331859.632571916
2022-05-23,pool,696602.242172937
2022-01-24,swap_contract,4.2e-17
2022-01-26,vault,182134.980290171
2022-04-27,hot_wallet,7387.843893545
2022-05-13,hot_wallet,9734.870125694
2022-03-04,hot_wallet,3105.293346106
2022-04-24,toxic,12.408389711
2022-06-03,pool,682982.838180284
2021-12-25,swap_router,1e-18
2022-04-24,pool,812747.53597432
2022-04-12,swap_contract,4.2e-17
2022-03-14,hot_wallet,3239.365867686
2022-05-14,distributor_cex,0.000005828418349
2022-04-15,distributor_cex,0.000005828418349
2022-03-03,rewards,1e-18
2022-06-07,pool,598859.054808034
2022-05-21,toxic,12.408389711
2022-02-26,token_contract,281894.161828152
2022-03-03,treasury,2863.07101162
2022-03-05,distributor_cex,0.000005828418349
2022-05-31,token_contract,382843.313141597
2022-04-14,distributor_cex,0.000005828418349
2022-02-01,swap_contract,4.2e-17
2022-03-29,rewards,1e-18
2022-05-21,swap_router,1e-18
2022-06-07,rewards,1e-18
2022-03-04,deposit_wallet,531.579813403
2022-01-23,deposit_wallet,487.003204483
2022-01-29,deposit_wallet,487.148445578
2022-02-09,general_contract,57497.644477221
2022-03-16,general_contract,60955.69321513
2022-05-10,vault,590503.851431394
2022-03-02,deposit_wallet,531.579813403
2021-12-23,hot_wallet,37658.717007584
2021-12-18,vault,97006.341105265
2022-03-19,swap_contract,4.2e-17
2022-05-23,swap_contract,4.6e-17
2022-02-03,treasury,2481.76535564
2022-03-03,swap_contract,4.2e-17
2022-05-05,bridge,92.552235915
2022-04-11,token_contract,314230.114389496
2022-03-16,bridge,83.721544525
2022-02-25,token_contract,282036.870848552
2022-02-26,treasury,2792.183412332
2021-12-25,swap_contract,4.2e-17
2022-01-13,distributor_cex,1.619909659
2022-05-29,swap_router,1e-18
2022-01-09,contract_deployer,1e-18
2022-02-16,distributor_cex,1.619909659
2022-01-26,token_contract,165502.571991856
2022-01-29,vault,149492.832369481
2022-05-28,rewards,1e-18
2022-04-22,token_contract,332113.424754985
2022-02-08,swap_router,1e-18
2022-03-02,contract_deployer,1e-18
2022-04-06,contract_deployer,1e-18
2022-04-04,toxic,12.408389711
2022-04-30,rewards,1e-18
2022-04-09,contract_deployer,1e-18
2021-12-19,contract_deployer,1e-18
2022-04-04,distributor_cex,0.000005828418349
2022-01-07,pool,617263.353450504
2022-04-13,treasury,3560.513045312
2022-04-24,swap_contract,4.3e-17
2022-03-07,hot_wallet,3125.517369891
2022-02-23,token_contract,276591.263167708
2022-06-03,toxic,12.408389711
2022-05-10,hot_wallet,23910.768333269
2022-05-15,vault,38257.032906682
2022-02-11,contract_deployer,1e-18
2022-01-08,rewards,1e-18
2022-05-12,nf_position_manager,0.004126517151
2022-05-28,hot_wallet,10861.232845451
2022-05-05,hot_wallet,7757.261500804
2022-05-11,token_contract,322577.944516832
2022-01-07,toxic,1e-18
2022-02-23,contract_deployer,1e-18
2022-02-13,hot_wallet,7186.150676293
2022-02-06,token_contract,219810.7675259
2022-05-11,hot_wallet,24394.34107416
2022-03-13,distributor_cex,0.000005828418349
2022-04-26,toxic,12.408389711
2022-06-10,hot_wallet,41502.759404621
2022-02-14,vault,218788.753595161
2022-01-03,treasury,2090.486693767
2022-05-16,nf_position_manager,1e-18
2022-05-16,rewards,1e-18
2022-04-21,contract_deployer,1e-18
2022-02-15,bridge,9.647649927
2022-06-13,mining_pool,5940
2022-03-18,treasury,3090.381793916
2022-05-26,distributor_cex,0.000005828418349
2022-05-30,rewards,1e-18
2021-12-26,token_contract,127331.974015558
2022-04-27,treasury,3102.040560389
2022-06-13,swap_contract,4.5e-17
2022-05-26,toxic,12.408389711
2022-03-03,pool,611951.898427663
2022-05-23,token_contract,358458.692405134
2021-12-23,token_contract,124335.652439329
2021-12-18,general_contract,38231.779066661
2022-02-01,deposit_wallet,487.148445578
2022-03-21,toxic,12.408389711
2022-03-04,swap_contract,4.2e-17
2022-05-05,pool,824829.686081341
2022-06-11,general_contract,66201.71877424
2022-05-27,swap_contract,4.6e-17
2021-12-16,general_contract,38232.258250039
2022-01-18,pool,636288.298688795
2022-04-10,treasury,3443.656788823
2022-03-14,toxic,12.408389711
2022-03-16,pool,670578.109004513
2022-05-16,vault,35557.457544208
2022-01-24,swap_router,1e-18
2022-06-03,general_contract,65579.16277944
2022-04-05,bridge,87.636880671
2022-04-04,token_contract,302642.178017402
2022-01-26,toxic,1e-18
2022-04-18,token_contract,316314.448038059
2022-01-04,token_contract,137869.764158564
2022-05-19,hot_wallet,11464.973212636
2022-04-05,swap_router,1e-18
2022-02-02,hot_wallet,7076.234621883
2022-06-02,bridge,87.290297997
2022-05-28,swap_contract,4.5e-17
2022-01-10,hot_wallet,6570.782132922
2022-02-03,toxic,1e-18
2022-02-25,hot_wallet,2934.864626594
2022-05-14,vault,34802.752195581
2022-05-27,vault,22128.786336777
2022-01-06,vault,123928.382452384
2022-01-19,contract_deployer,1e-18
2022-05-19,rewards,1e-18
2022-02-12,distributor_cex,1.619909659
2022-04-05,distributor_cex,0.000005828418349
2022-05-10,treasury,3368.626237626
2022-03-02,rewards,1e-18
2022-05-15,swap_router,1e-18
2022-06-04,toxic,12.408389711
2022-01-08,token_contract,160707.937398015
2022-05-02,distributor_cex,0.000005828418349
2022-04-27,swap_router,1e-18
2022-05-12,treasury,3438.613253303
2021-12-16,pool,683073.068211253
2022-01-02,swap_contract,4.2e-17
2022-01-05,rewards,1e-18
2022-02-27,hot_wallet,3105.160530107
2022-03-07,deposit_wallet,532.579813413
2022-06-01,deposit_wallet,725.401295628
2021-12-15,pool,684592.788300048
2022-05-25,pool,702443.242113216
2022-04-18,bridge,87.636880671
2022-03-25,hot_wallet,6268.036607377
2021-12-26,swap_contract,4.2e-17
2022-04-01,toxic,12.408389711
2022-01-21,hot_wallet,4251.1340618
2022-04-03,rewards,1e-18
2022-04-08,swap_router,1e-18
2022-05-14,pool,599456.105114403
2021-12-16,swap_contract,4.2e-17
2022-02-17,vault,219409.255373449
2022-01-19,pool,636551.508119037
2021-12-18,pool,681626.902735281
2022-02-22,swap_contract,4.2e-17
2022-04-29,bridge,92.852054595
2022-05-14,nf_position_manager,1e-18
2022-06-09,vault,5187.767033171
2022-05-28,nf_position_manager,1e-18
2022-01-21,distributor_cex,1.619909659
2022-06-08,token_contract,427140.013787646
2022-03-20,bridge,83.924980422
2021-12-31,distributor_cex,1.619909659
2022-01-20,swap_router,1e-18
2022-05-23,contract_deployer,0.01220955203
2022-05-25,nf_position_manager,1e-18
2022-05-13,rewards,1e-18
2022-02-17,toxic,1e-18
2022-05-21,rewards,1e-18
2022-02-01,swap_router,1e-18
2022-02-18,rewards,1e-18
2022-03-24,contract_deployer,1e-18
2022-02-09,contract_deployer,1e-18
2022-01-11,contract_deployer,1e-18
2022-01-17,general_contract,57457.393676661
2022-03-22,swap_contract,4.2e-17
2022-05-12,deposit_wallet,618.128505077
2022-03-31,deposit_wallet,517.176092124
2021-12-17,deposit_wallet,440.809988686
2022-01-25,deposit_wallet,487.148445578
2022-01-12,token_contract,160929.566988862
2022-02-22,deposit_wallet,514.209711816
2022-03-14,pool,660331.098584115
2022-02-24,general_contract,57171.921681826
2022-02-28,rewards,1e-18
2022-05-15,rewards,1e-18
2022-01-15,pool,635215.604132282
2022-02-11,rewards,1e-18
2022-01-18,token_contract,166853.102841334
2022-03-21,pool,683782.438284193
2021-12-28,hot_wallet,44781.968080346
2022-02-18,treasury,2668.189963296
2022-03-23,hot_wallet,6374.525715416
2022-03-29,toxic,12.408389711
2022-01-19,hot_wallet,6648.309095675
2022-06-07,hot_wallet,11269.552469033
2022-02-09,toxic,1e-18
2022-04-14,rewards,1e-18
2022-02-11,token_contract,238611.274102812
2022-06-02,treasury,3705.68470533
2021-12-19,treasury,1908.713295937
2021-12-23,rewards,1e-18
2022-05-03,hot_wallet,7695.644551494
2022-03-08,swap_contract,4.2e-17
2022-05-07,rewards,1e-18
2022-03-07,treasury,2921.407104175
2022-02-12,contract_deployer,1e-18
2022-03-03,contract_deployer,1e-18
2022-06-10,swap_router,1e-18
2021-12-28,distributor_cex,1.619909659
2022-04-01,contract_deployer,1e-18
2022-01-11,toxic,1e-18
2022-01-04,contract_deployer,1e-18
2022-05-10,contract_deployer,1e-18
2022-01-29,toxic,1e-18
2022-05-07,bridge,92.591957277
2022-06-08,nf_position_manager,1e-18
2022-03-30,distributor_cex,0.000005828418349
2022-02-12,swap_router,1e-18
2022-06-13,general_contract,66759.418959693
2022-06-13,deposit_wallet,764.499316603
2022-03-03,general_contract,57174.331152206
2022-03-26,general_contract,60999.894996981
2022-03-31,general_contract,61000.177996199
2022-04-07,deposit_wallet,563.046092114
2022-04-16,swap_contract,4.2e-17
2022-02-10,deposit_wallet,499.642745578
2022-06-10,general_contract,66227.668437343
2022-01-22,pool,591951.222223006
2022-03-30,hot_wallet,6597.45676116
2022-01-31,pool,610411.477259361
2021-12-29,pool,620339.762423522
2022-04-14,hot_wallet,7661.837555389
2022-02-04,treasury,2494.891374554
2022-04-04,vault,499019.877584855
2021-12-19,token_contract,121469.042732819
2022-03-19,token_contract,288568.300376645
2022-05-13,toxic,12.408389711
2022-06-03,token_contract,381486.727925435
2022-06-08,rewards,1e-18
2022-03-29,bridge,87.998809379
2022-03-31,swap_router,1e-18
2022-02-21,toxic,1e-18
2022-06-12,token_contract,474815.142811409
2022-01-20,hot_wallet,6553.050676883
2022-04-13,swap_router,1e-18
2022-04-26,swap_router,1e-18
2022-06-05,toxic,12.408389711
2022-03-17,token_contract,288654.229060564
2022-01-14,rewards,1e-18
2022-04-22,bridge,87.636880671
2022-04-30,contract_deployer,1e-18
2022-02-08,hot_wallet,7162.480624005
2022-02-07,toxic,1e-18
2022-06-06,treasury,3705.68470533
2022-02-18,toxic,1e-18
2022-04-23,rewards,1e-18
2021-12-25,distributor_cex,1.619909659
2022-01-16,toxic,1e-18
2022-01-16,swap_router,1e-18
2022-06-04,distributor_cex,0.000005828418349
2022-03-25,treasury,3206.675623134
2022-06-05,treasury,3705.68470533
2022-02-28,treasury,2820.378700985
2022-04-07,distributor_cex,0.000005828418349
2022-03-17,general_contract,60987.827990822
2022-05-10,token_contract,324287.416129508
2022-01-08,deposit_wallet,459.630048212
2022-02-21,deposit_wallet,513.209711816
2022-04-30,token_contract,343393.098239517
2022-03-30,swap_contract,4.3e-17
2022-04-05,deposit_wallet,562.976092114
2022-04-13,deposit_wallet,563.046092114
2022-04-22,general_contract,61075.708503843
2021-12-30,deposit_wallet,447.219701918
2022-01-20,general_contract,57455.749135322
2022-02-03,pool,623464.61855654
2022-02-07,general_contract,57498.311164411
2022-02-05,general_contract,57494.017314887
2022-02-27,general_contract,57174.211698311
2022-05-08,vault,586357.421465415
2021-12-27,pool,642156.214928376
2022-01-15,hot_wallet,6592.64925898
2022-05-14,general_contract,60259.089899753
2022-03-09,toxic,1e-18
2022-01-22,hot_wallet,4254.139061803
2022-04-02,token_contract,297985.877557326
2022-04-14,token_contract,311793.035740666
2021-12-20,toxic,1e-18
2022-01-26,pool,595221.200827521
2022-03-17,swap_contract,4.2e-17
2022-02-22,hot_wallet,7887.906380185
2022-05-09,bridge,92.620586269
2022-03-22,rewards,1e-18
2022-01-29,swap_router,1e-18
2022-01-24,toxic,1e-18
2022-03-11,pool,652603.723622874
2021-12-30,distributor_cex,1.619909659
2022-03-10,vault,359461.598454576
2022-05-25,swap_contract,4.5e-17
2022-04-20,swap_router,1e-18
2022-03-22,distributor_cex,0.000005828418349
2022-01-15,token_contract,164868.197674992
2022-05-17,token_contract,321653.84652149
2022-03-04,rewards,1e-18
2021-12-25,treasury,1980.778349319
2022-03-14,rewards,1e-18
2022-02-20,swap_router,1e-18
2022-01-27,toxic,1e-18
2022-03-16,contract_deployer,1e-18
2022-05-25,distributor_cex,0.000005828418349
2022-04-30,nf_position_manager,0.004126517151
2022-05-11,swap_router,1e-18
2022-01-12,toxic,1e-18
2022-03-18,bridge,83.721544525
2022-01-24,general_contract,57487.897824553
2022-01-26,general_contract,57488.262289537
2022-02-02,deposit_wallet,487.148445578
2022-06-07,general_contract,65712.350217328
2022-04-04,pool,793741.809418056
2022-05-02,general_contract,60534.577381132
2022-03-01,pool,602828.112736826
2022-03-13,deposit_wallet,538.711394405
2022-03-22,pool,723039.837983548
2022-05-16,swap_contract,4.4e-17
2022-03-26,pool,725361.477373276
2022-04-13,pool,816226.867004723
2021-12-31,pool,625290.404750649
2022-04-13,swap_contract,4.3e-17
2022-04-08,swap_contract,4.3e-17
2021-12-18,toxic,1e-18
2022-06-13,swap_router,1e-18
2022-02-03,token_contract,205302.531103147
2022-02-08,swap_contract,4.2e-17
2022-04-02,swap_router,1e-18
2022-02-04,hot_wallet,7078.750990416
2022-02-01,vault,150062.417676305
2022-06-05,pool,684705.58137135
2022-02-01,token_contract,204777.742247025
2022-05-13,vault,76241.007682581
2022-05-21,nf_position_manager,1e-18
2022-01-09,hot_wallet,6542.391118783
2022-01-25,vault,181974.056383271
2022-05-30,bridge,87.290297997
2022-06-11,vault,4654.670957431
2022-03-05,treasury,2891.989575919
2022-04-29,rewards,1e-18
2022-02-09,rewards,1e-18
2022-02-04,distributor_cex,1.619909659
2022-04-15,pool,790517.109137776
2022-04-30,general_contract,60534.577381132
2021-12-19,general_contract,38232.865989395
2022-01-24,pool,585824.316780283
2022-01-25,pool,593233.317710325
2022-05-06,pool,825480.937389005
2021-12-27,swap_contract,4.2e-17
2022-05-09,distributor_cex,0.000005828418349
2022-02-22,token_contract,276236.665862462
2022-02-07,token_contract,224595.507079643
2022-05-10,bridge,92.620586269
2022-02-06,hot_wallet,7113.333061802
2022-02-04,pool,631233.336932073
2022-01-10,treasury,2176.816776655
2022-01-16,token_contract,165575.003288559
2022-06-03,treasury,3705.68470533
2022-01-06,hot_wallet,40640.275649002
2022-03-04,toxic,1e-18
2022-03-12,toxic,12.408389711
2022-01-13,token_contract,160988.979975849
2022-03-26,vault,466179.06344539
2022-06-06,token_contract,387996.740421433
2022-03-29,swap_contract,4.3e-17
2022-01-23,vault,209888.033331679
2022-05-17,contract_deployer,1e-18
2022-01-19,swap_router,1e-18
2021-12-24,rewards,1e-18
2021-12-20,token_contract,122586.631935439
2022-06-11,toxic,12.408389711
2022-03-14,distributor_cex,0.000005828418349
2022-02-27,treasury,2806.260388216
2022-04-11,swap_router,1e-18
2022-04-11,contract_deployer,1e-18
2022-04-20,contract_deployer,1e-18
2022-03-03,bridge,9.810684828
2022-06-02,nf_position_manager,1e-18
2022-04-26,vault,616098.460672342
2022-01-22,deposit_wallet,515.233893506
2022-02-23,deposit_wallet,514.209711816
2022-02-26,general_contract,57171.872687869
2022-06-13,hot_wallet,130760.278023025
2022-04-16,pool,811062.636750765
2021-12-21,deposit_wallet,448.144329775
2022-05-03,toxic,12.408389711
2022-04-10,general_contract,60927.732464365
2022-03-02,hot_wallet,3130.245574467
2022-05-12,distributor_cex,0.000005828418349
2022-01-27,pool,593527.604525649
2022-06-03,swap_contract,4.6e-17
2022-02-16,hot_wallet,7200.677161968
2022-05-19,swap_contract,4.5e-17
2022-02-08,token_contract,233402.852468369
2022-03-26,treasury,3223.936695352
2022-03-31,treasury,3312.649908548
2022-02-12,token_contract,239860.297167717
2022-03-23,swap_contract,4.2e-17
2022-06-05,token_contract,387996.740421433
2022-05-29,contract_deployer,0.01220955203
2022-02-19,treasury,2695.473826404
2022-04-18,distributor_cex,0.000005828418349
2022-04-08,contract_deployer,1e-18
2022-03-13,contract_deployer,1e-18
2022-01-16,distributor_cex,1.619909659
2022-03-26,bridge,83.850387237
2022-03-18,toxic,12.408389711
2022-04-19,vault,555073.816540063
2021-12-21,contract_deployer,1e-18
2022-03-11,rewards,1e-18
2022-05-13,treasury,3438.613253303
2022-01-14,swap_router,1e-18
2022-02-05,distributor_cex,1.619909659
2022-06-02,swap_router,1e-18
2022-06-10,distributor_cex,0.000005828418349
2022-03-02,toxic,1e-18
2022-01-21,token_contract,169230.713047366
2022-03-16,deposit_wallet,547.416749787
2022-04-14,swap_contract,4.2e-17
2022-01-29,swap_contract,4.2e-17
2022-05-25,deposit_wallet,663.983083876
2022-05-13,general_contract,60475.501784022
2022-04-23,toxic,12.408389711
2022-05-18,general_contract,65882.007580086
2022-05-04,pool,830130.699960811
2022-05-04,token_contract,343368.512725912
2022-04-12,contract_deployer,1e-18
2022-01-08,general_contract,62728.184525532
2022-04-27,swap_contract,4.5e-17
2022-03-12,hot_wallet,3245.179863959
2022-03-21,treasury,3139.056343344
2022-04-12,distributor_cex,0.000005828418349
2022-04-23,vault,583843.698929726
2022-04-30,hot_wallet,7457.192909519
2022-06-04,contract_deployer,0.01220955203
2022-05-08,contract_deployer,1e-18
2021-12-22,hot_wallet,37641.164166098
2022-06-05,swap_contract,4.5e-17
2022-05-07,vault,667761.955612771
2022-02-01,distributor_cex,1.619909659
2021-12-15,vault,96904.659510459
2021-12-26,hot_wallet,44709.060271077
2022-05-17,treasury,3533.961532071
2022-02-26,rewards,1e-18
2022-04-03,contract_deployer,1e-18
2022-03-19,distributor_cex,0.000005828418349
2022-05-09,toxic,12.408389711
2022-01-25,hot_wallet,9958.522094255
2022-02-25,swap_router,1e-18
2022-04-17,hot_wallet,7687.906413945
2021-12-24,contract_deployer,1e-18
2022-02-17,rewards,1e-18
2022-03-01,contract_deployer,1e-18
2021-12-30,swap_router,1e-18
2022-04-16,toxic,12.408389711
2022-01-23,distributor_cex,1.619909659
2022-01-17,toxic,1e-18
2022-01-25,rewards,1e-18
2022-01-30,distributor_cex,1.619909659
2022-03-22,deposit_wallet,548.165870615
2022-03-22,token_contract,283016.07634168
2022-02-06,swap_contract,4.2e-17
2022-02-15,general_contract,57497.835717671
2022-02-21,contract_deployer,1e-18
2022-03-11,deposit_wallet,538.711394405
2022-01-11,vault,148172.534587644
2022-03-11,general_contract,58237.54911356
2021-12-15,token_contract,119810.024263911
2022-02-21,vault,226800.248027604
2022-03-26,hot_wallet,6268.037607377
2022-03-26,distributor_cex,0.000005828418349
2022-05-10,swap_router,1e-18
2022-01-07,contract_deployer,1e-18
2022-01-15,vault,148017.255878085
2022-02-10,toxic,1e-18
2022-02-15,pool,610416.952295035
2022-04-24,distributor_cex,0.000005828418349
2022-04-07,swap_contract,4.3e-17
2022-06-02,hot_wallet,11336.903035243
2022-04-09,treasury,3443.656788823
2022-05-19,pool,674710.652186669
2022-05-01,toxic,12.408389711
2022-02-18,bridge,9.647649927
2022-02-07,contract_deployer,1e-18
2022-03-23,treasury,3172.543772355
2022-05-19,toxic,12.408389711
2022-04-09,token_contract,314230.114389496
2022-01-26,swap_contract,4.2e-17
2022-05-18,distributor_cex,0.000005828418349
2022-03-19,contract_deployer,1e-18
2022-01-20,rewards,1e-18
2022-02-09,treasury,2560.754225321
2022-04-10,vault,495529.978530979
2022-03-10,toxic,12.408389711
2022-04-01,bridge,87.605337717
2022-05-24,swap_contract,4.6e-17
2022-03-21,vault,440903.812708731
2022-04-01,token_contract,303108.117280642
2022-05-04,deposit_wallet,578.944861498
2022-04-12,deposit_wallet,563.046092114
2022-04-29,deposit_wallet,578.944861498
2021-12-24,deposit_wallet,447.144329775
2022-01-06,deposit_wallet,459.630048212
2022-02-16,deposit_wallet,511.696288828
2022-03-13,toxic,12.408389711
2021-12-22,general_contract,38232.635892127
2022-03-31,token_contract,293993.294391941
2022-02-06,pool,625614.800309502
2022-02-15,rewards,1e-18
2022-05-23,toxic,12.408389711
2022-04-12,pool,816925.801792906
2022-03-25,contract_deployer,1e-18
2022-05-02,token_contract,343393.098239517
2022-04-22,swap_contract,4.2e-17
2022-04-04,hot_wallet,6137.555272208
2022-05-31,vault,6492.419131641
2022-03-08,rewards,1e-18
2022-05-11,vault,304167.505450814
2022-01-05,hot_wallet,45645.76908288
2022-06-02,token_contract,381486.727925435
2022-05-30,hot_wallet,11425.093296569
2022-05-07,swap_router,1e-18
2022-04-24,rewards,1e-18
2022-02-27,toxic,1e-18
2022-06-08,toxic,12.408389711
2022-03-31,rewards,1e-18
2022-02-23,hot_wallet,2885.612017951
2022-02-22,swap_router,1e-18
2022-05-12,rewards,1e-18
2022-02-02,token_contract,204850.41859171
2021-12-31,swap_router,1e-18
2022-05-11,rewards,1e-18
2022-05-14,contract_deployer,1e-18
2022-04-22,contract_deployer,1e-18
2022-01-26,swap_router,1e-18
2022-06-12,treasury,3993.547189225
2021-12-29,swap_router,1e-18
2022-03-24,treasury,3189.606381858
2022-04-08,distributor_cex,0.000005828418349
2022-06-01,rewards,1e-18
2022-05-22,general_contract,65949.898531359
2022-02-13,token_contract,240656.347274167
2022-02-22,general_contract,57171.702550354
2022-05-04,distributor_cex,0.000005828418349
2022-04-29,general_contract,60534.336865802
2022-01-09,deposit_wallet,414.110065273
2022-03-07,general_contract,57186.499662912
2022-05-05,general_contract,57685.680270403
2022-05-21,general_contract,65949.898531359
2022-04-11,pool,815528.264105823
2022-04-15,swap_contract,4.3e-17
2021-12-15,swap_contract,4.2e-17
2022-02-10,vault,208357.190619127
2022-04-05,swap_contract,4.3e-17
2022-04-22,distributor_cex,0.000005828418349
2022-06-06,swap_contract,4.5e-17
2022-05-07,swap_contract,4.4e-17
2022-04-26,hot_wallet,7383.842615441
2022-03-24,hot_wallet,6369.721543688
2022-01-18,treasury,2276.422522156
2022-01-18,swap_contract,4.2e-17
2022-06-04,hot_wallet,11336.903035243
2022-03-17,hot_wallet,3248.215193221
2022-01-01,pool,625784.777265753
2022-05-28,pool,704593.146804016
2022-02-20,vault,226334.640661644
2022-06-08,pool,635698.787464039
2022-01-10,vault,148584.678382156
2022-03-01,distributor_cex,0.000005828418349
2022-02-20,rewards,1e-18
2022-06-09,contract_deployer,0.01220955203
2022-04-08,treasury,3443.656788823
2022-05-30,treasury,3653.234178907
2021-12-21,token_contract,123680.075872775
2022-05-27,distributor_cex,0.000005828418349
2022-03-22,vault,440819.940297616
2022-03-22,contract_deployer,1e-18
2022-02-10,treasury,2574.041983049
2022-05-26,treasury,3523.182795018
2022-03-03,swap_router,1e-18
2022-02-16,bridge,9.647649927
2022-06-13,rewards,1e-18
2022-02-23,toxic,1e-18
2022-03-30,rewards,1e-18
2022-06-13,pool,489016.612191996
2022-02-12,pool,616242.226290789
2022-03-05,deposit_wallet,531.579813413
2021-12-31,deposit_wallet,447.219701918
2021-12-19,swap_contract,4.2e-17
2022-02-02,pool,623834.642691871
2022-02-18,swap_contract,4.2e-17
2022-05-16,swap_router,1e-18
2022-05-09,pool,972866.809756318
2022-05-13,swap_contract,4.4e-17
2022-01-14,swap_contract,0.01
2021-12-28,toxic,1e-18
2022-02-25,distributor_cex,0.000005828418349
2022-05-25,swap_router,1e-18
2022-01-12,pool,639222.64106085
2021-12-16,hot_wallet,37386.364059865
2022-05-29,general_contract,65562.420897106
2022-05-28,contract_deployer,0.01220955203
2022-05-15,swap_contract,4.4e-17
2022-06-08,treasury,3888.670800956
2022-03-13,vault,361376.581629686
2022-03-19,toxic,12.408389711
2022-04-28,swap_contract,4.4e-17
2022-01-18,toxic,1e-18
2022-05-17,rewards,1e-18
2022-05-19,contract_deployer,1e-18
2022-03-17,contract_deployer,1e-18
2022-03-29,vault,466577.108497496
2022-05-22,bridge,94.240940141
2021-12-26,contract_deployer,1e-18
2022-03-13,swap_router,1e-18
2022-03-12,distributor_cex,0.000005828418349
2022-01-01,rewards,1e-18
2022-04-30,distributor_cex,0.000005828418349
2022-04-28,swap_router,1e-18
2022-03-22,toxic,12.408389711
2022-01-16,rewards,1e-18
2022-03-17,bridge,83.721544525
2022-02-05,toxic,1e-18
2022-04-16,distributor_cex,0.000005828418349
2021-12-23,general_contract,38232.153761908
2022-05-09,deposit_wallet,581.558042581
2022-01-31,token_contract,199032.520624199
2022-02-03,deposit_wallet,487.148445578
2022-05-18,deposit_wallet,663.730933876
2021-12-25,deposit_wallet,447.309701918
2022-01-14,deposit_wallet,409.177134055
2022-03-24,token_contract,284834.749849941
2022-02-03,general_contract,57493.892599502
2022-02-20,general_contract,57170.717845722
2022-03-11,toxic,12.408389711
2022-01-21,treasury,2313.944256957
2022-01-15,swap_contract,0.01
2022-01-02,vault,109363.238148475
2022-04-17,pool,807320.857265568
2022-05-01,token_contract,343393.098239517
2022-04-08,toxic,12.408389711
2022-06-07,bridge,87.290297997
2022-04-01,hot_wallet,6560.020444013
2022-01-17,pool,635577.377516931
2022-04-17,bridge,87.636880671
2022-03-22,treasury,3155.77422292
2022-03-22,bridge,83.924980422
2022-05-22,toxic,12.408389711
2022-03-02,vault,283768.990793675
2022-01-06,contract_deployer,1e-18
2022-02-01,treasury,2455.624325899
2022-02-13,distributor_cex,1.619909659
2022-05-24,treasury,3497.422697351
2022-02-24,bridge,9.647649927
2022-05-29,bridge,87.290297997
2022-05-02,treasury,3167.387348894
2022-04-19,bridge,87.636880671
2022-05-29,nf_position_manager,1e-18
2021-12-18,rewards,1e-18
2022-02-17,bridge,9.647649927
2022-05-15,general_contract,60335.764730258
2022-04-01,deposit_wallet,517.476092114
2022-05-03,vault,619313.687367951
2022-03-08,deposit_wallet,532.185713413
2022-05-17,deposit_wallet,663.550556082
2022-02-21,general_contract,57172.147448267
2022-03-03,distributor_cex,0.000005828418349
2022-05-20,deposit_wallet,663.730933876
2022-01-28,swap_contract,4.2e-17
2022-06-01,general_contract,65579.088205973
2022-01-04,pool,626355.02207676
2022-02-11,treasury,2587.311847133
2022-04-17,token_contract,316314.448038059
2021-12-27,swap_router,1e-18
2022-02-10,bridge,6.267444713
2022-03-25,rewards,1e-18
2022-06-01,pool,666618.321179786
2021-12-23,vault,115177.385797989
2022-04-14,vault,478813.044113116
2022-04-25,hot_wallet,7497.585664845
2022-03-07,swap_router,1e-18
2022-03-01,vault,282109.225885274
2022-05-26,hot_wallet,10226.598850588
2022-02-19,swap_router,1e-18
2021-12-28,rewards,1e-18
2022-03-12,swap_contract,4.2e-17
2022-05-13,swap_router,1e-18
2022-03-04,bridge,9.810684828
2022-01-02,toxic,1e-18
2022-01-30,token_contract,200540.284031785
2022-05-24,contract_deployer,0.01220955203
2021-12-20,swap_contract,4.2e-17
2022-04-25,toxic,12.408389711
2022-04-18,contract_deployer,1e-18
2022-02-23,rewards,1e-18
2022-04-29,swap_router,1e-18
2022-06-11,contract_deployer,0.01220955203
2022-01-21,contract_deployer,1e-18
2022-03-20,contract_deployer,1e-18
2022-01-01,distributor_cex,1.619909659
2022-01-23,rewards,1e-18
2022-04-25,contract_deployer,1e-18
