BALANCE_DATE,LABEL,STAKED_ETH_BALANCE
2021-12-21,lido,126786.391970434
2022-02-22,sybil delegate,8207.147547609
2022-02-04,sybil delegate,8527.738730586
2022-05-04,gate.io,124.658204223
2022-01-24,1inch,226.932125912
2022-03-18,fei protocol,48780.716712921
2022-04-29,1inch,293.780135313
2022-05-18,anchor,17819.616138851
2022-04-09,anchor,495413.467349901
2022-01-08,lido,164458.66121714
2022-01-16,idex,100.907203896
2022-04-16,ftx,7678.383088269
2022-01-06,inverse finance,5359.080023632
2022-01-25,anchor,181974.056383271
2022-05-24,ribbon finance,2132.1978793
2022-03-26,1inch,280.710232262
2022-04-19,ftx,7678.403293411
2022-02-24,fei protocol,48780.716712921
2022-05-27,uniswap,917.029931019
2022-01-22,idex,100.907203896
2022-02-01,inverse finance,145.305207989
2022-01-18,sybil delegate,8527.738730586
2022-01-27,curve fi,591417.333462554
2022-04-03,idex,100.907203896
2022-04-26,anchor,615947.609722671
2022-04-22,idex,100.907203896
2022-04-21,ribbon finance,705.507705541
2022-05-23,ribbon finance,2132.1978793
2022-06-02,sybil delegate,8207.147547609
2021-12-24,lido,130676.315734027
2022-01-17,anchor,146219.334808853
2022-06-07,lido,407491.294880818
2022-04-12,fei protocol,48780.716712921
2022-04-06,anchor,499188.172468551
2022-03-08,curve fi,611052.621528717
2022-03-13,fei protocol,48780.716712921
2022-05-05,fei protocol,48780.716712921
2022-05-05,ftx,7631.376084995
2022-02-03,ftx,7054.504008952
2022-06-06,fei protocol,48780.716712921
2022-05-04,fei protocol,48780.716712921
2022-05-15,lido,329353.847546436
2022-05-18,ribbon finance,1849.672677499
2022-05-20,ico-wallets,5554.442160625
2022-04-10,ftx,6121.91839313
2022-01-26,inverse finance,140.126564302
2021-12-24,ribbon finance,111.802769871
2022-06-03,opportunist,201.578256191
2022-05-14,gate.io,108.198891117
2022-05-07,uniswap,462.782649885
2022-01-22,ftx,4243.459995283
2022-05-11,ftx,24268.45022595
2022-03-15,idex,100.907203896
2022-05-09,sybil delegate,8207.147547609
2022-03-17,lido,293210.585068125
2022-03-05,inverse finance,159.382461886
2022-01-18,ftx,6656.388976312
2022-01-21,lido,173306.554912153
2022-03-12,fei protocol,48780.716712921
2022-03-10,inverse finance,147.454568565
2022-05-14,top degen,1186.111833258
2022-05-27,ftx,10262.330738795
2021-12-19,sybil delegate,8527.738730586
2022-06-02,top degen,1186.111833258
2021-12-25,sybil delegate,8527.738730586
2022-05-24,opportunist,201.578256191
2022-04-19,curve fi,806953.452814865
2022-06-03,lido,385191.255760898
2022-06-03,sybil delegate,8207.147547609
2022-03-07,ribbon finance,470.730864665
2022-03-26,anchor,466130.294606151
2022-02-03,curve fi,621863.374634882
2022-05-14,ftx,9924.314071541
2021-12-27,lido,130904.310159536
2022-02-01,sybil delegate,8527.738730586
2022-05-06,lido,336858.774406817
2022-02-14,lido,245669.291351506
2022-04-18,anchor,555073.232351251
2022-02-10,lido,241929.142517126
2021-12-22,lido,126865.979221989
2022-01-04,ftx,44975.398281314
2022-06-04,anchor,6433.983703691
2022-01-05,ribbon finance,993.661067784
2021-12-15,sybil delegate,8527.738730586
2022-01-20,lido,172236.887988152
2022-02-22,anchor,231757.200004641
2022-03-10,1inch,248.749946381
2022-04-08,curve fi,815107.164305662
2022-04-14,1inch,269.199366707
2022-05-29,lido,371378.84936651
2022-05-08,lido,357031.932720958
2022-06-07,fei protocol,48780.716712921
2022-03-23,lido,288386.160768998
2022-01-15,sybil delegate,8527.738730586
2022-05-08,anchor,586353.06104256
2022-02-06,inverse finance,145.305207989
2021-12-16,anchor,95831.786242599
2022-01-05,inverse finance,5359.080023632
2022-05-28,fei protocol,48780.716712921
2021-12-27,fei protocol,24267.348169471
2022-05-25,sybil delegate,8207.147547609
2022-01-21,1inch,229.449129698
2022-01-15,fei protocol,48780.716712921
2022-03-08,ribbon finance,1219.763311714
2022-01-24,ftx,9953.21522579
2022-05-19,sybil delegate,8207.147547609
2022-04-29,idex,100.907203896
2022-03-24,idex,100.907203896
2022-04-16,curve fi,810694.019275176
2022-06-04,inverse finance,551.124462083
2021-12-25,anchor,113683.027993206
2022-02-11,anchor,207278.101433991
2021-12-18,ribbon finance,127.604395137
2022-02-05,anchor,208174.167943071
2022-03-26,sybil delegate,11757.744590542
2022-06-13,ico-wallets,5554.442160625
2022-03-07,ftx,3106.472705346
2022-06-09,opportunist,201.578256191
2022-01-17,sybil delegate,8527.738730586
2022-02-03,fei protocol,48780.716712921
2022-05-07,idex,100.907203896
2022-05-24,ftx,10161.465905963
2022-02-02,idex,100.907203896
2022-03-21,ribbon finance,182.37671686
2022-05-20,1inch,231.796089297
2022-04-06,1inch,280.990292302
2022-03-09,curve fi,621103.302360173
2022-05-23,anchor,22269.728899281
2022-01-13,ribbon finance,896.311002621
2022-02-11,inverse finance,144.963998666
2022-03-11,inverse finance,147.454568565
2022-02-22,1inch,222.863807785
2022-01-15,1inch,235.736830288
2022-01-30,idex,100.907203896
2022-01-31,fei protocol,48780.716712921
2021-12-30,ribbon finance,3289.509896162
2022-06-06,opportunist,201.578256191
2022-06-12,ftx,131411.739061705
2022-05-18,curve fi,575588.345618692
2022-01-14,sybil delegate,8527.738730586
2022-03-25,sybil delegate,11757.744590542
2022-02-04,inverse finance,145.305207989
2022-01-17,ftx,6652.330822857
2022-01-23,1inch,219.807213386
2022-05-15,sybil delegate,8207.147547609
2022-05-11,sybil delegate,8207.147547609
2021-12-25,ftx,44659.911142394
2022-02-07,lido,228321.867373892
2021-12-24,fei protocol,24267.348169471
2022-05-18,ico-wallets,5554.442160625
2022-02-21,1inch,199.757460445
2022-03-01,anchor,282106.764102641
2022-02-02,1inch,239.308937138
2022-01-11,1inch,256.350058962
2022-05-17,sybil delegate,8207.147547609
2022-04-28,fei protocol,48780.716712921
2022-05-29,1inch,225.81027982
2022-05-11,top degen,1186.111833258
2021-12-21,anchor,112334.230324274
2022-02-25,inverse finance,144.963998666
2022-02-09,1inch,217.306552091
2022-05-17,top degen,1186.111833258
2022-01-10,ftx,6564.544161395
2022-04-18,idex,100.907203896
2022-03-06,fei protocol,48780.716712921
2022-01-07,sybil delegate,8527.738730586
2022-06-05,opportunist,201.578256191
2022-02-03,idex,100.907203896
2022-02-02,curve fi,622330.628152969
2022-04-12,curve fi,816519.050408616
2022-02-14,sybil delegate,8527.738730586
2022-02-21,inverse finance,144.963998666
2022-01-16,sybil delegate,8527.738730586
2022-02-13,sybil delegate,8527.738730586
2022-02-21,idex,100.907203896
2022-06-01,fei protocol,48780.716712921
2022-03-17,idex,100.907203896
2022-06-02,1inch,207.769906447
2022-02-15,curve fi,609053.988437533
2022-01-03,inverse finance,5359.080023632
2021-12-19,anchor,111571.094339048
2022-03-06,idex,100.907203896
2022-03-28,1inch,293.778630794
2022-02-14,fei protocol,48780.716712921
2022-05-24,uniswap,1378.863967992
2022-03-22,idex,100.907203896
2022-01-19,curve fi,634667.613089467
2022-05-04,curve fi,829758.250386285
2022-05-23,gate.io,106.344919553
2022-04-21,curve fi,792719.363010946
2022-05-15,top degen,1186.111833258
2022-03-21,inverse finance,303.956976956
2022-02-15,lido,247453.496151523
2022-04-27,fei protocol,48780.716712921
2022-05-23,ftx,9995.231589039
2022-01-12,sybil delegate,8527.738730586
2022-03-23,curve fi,724889.127199783
2022-04-07,sybil delegate,11865.03923229
2022-05-22,opportunist,201.578256191
2022-05-10,1inch,253.067086945
2022-06-11,idex,100.907203896
2022-06-07,ico-wallets,5554.442160625
2022-01-25,lido,169821.199634103
2021-12-27,ribbon finance,2699.392140908
2021-12-29,lido,134132.72869265
2022-03-20,ftx,3265.120522117
2022-05-30,lido,372063.111363676
2022-03-10,lido,280996.595410821
2022-01-09,inverse finance,5359.080023632
2022-05-04,ftx,7629.063241812
2022-05-02,uniswap,473.636794932
2022-05-12,sybil delegate,8207.147547609
2022-05-04,idex,100.907203896
2022-06-05,ftx,11236.174649535
2022-06-05,1inch,207.769906447
2022-04-05,idex,100.907203896
2022-06-07,opportunist,201.578256191
2022-03-24,anchor,466475.25357166
2022-04-30,inverse finance,121.918404127
2022-06-08,lido,431027.527718735
2022-04-20,lido,335618.824478831
2022-03-11,lido,284026.862496873
2022-04-05,anchor,498863.223566241
2022-05-03,anchor,619313.687367951
2022-01-16,inverse finance,105.978350936
2022-05-05,lido,347020.168035232
2022-04-11,sybil delegate,11865.03923229
2022-05-23,sybil delegate,8207.147547609
2022-01-31,sybil delegate,8527.738730586
2022-06-02,anchor,6433.983703691
2022-06-13,sybil delegate,8207.147547609
2022-01-13,1inch,245.748855357
2022-03-14,anchor,377465.707962181
2022-01-28,ftx,6992.174965129
2022-06-13,opportunist,312.157487757
2022-05-12,inverse finance,582.312652484
2022-05-28,anchor,22044.797235301
2022-04-09,inverse finance,123.498300591
2022-02-02,fei protocol,48780.716712921
2022-04-16,inverse finance,123.498300591
2022-01-25,1inch,222.384237002
2022-06-12,top degen,1186.111833258
2022-05-30,sybil delegate,8207.147547609
2022-04-24,idex,100.907203896
2022-04-23,anchor,583750.767466271
2022-03-08,lido,275366.401688893
2022-04-26,uniswap,465.20437095
2022-03-05,1inch,249.398817807
2022-05-09,1inch,253.067086945
2021-12-16,lido,124116.030401958
2022-05-22,1inch,231.796089297
2022-05-07,1inch,286.734176149
2022-05-10,inverse finance,238.33550292
2022-05-07,lido,348299.142342332
2021-12-19,ribbon finance,1344.99336961
2022-03-30,anchor,466699.960732841
2022-04-02,sybil delegate,11757.744590542
2022-06-13,inverse finance,550.596017719
2022-05-27,anchor,22096.745144031
2022-06-04,uniswap,981.090682746
2021-12-18,fei protocol,24267.348169471
2022-02-28,anchor,281006.905014211
2022-05-11,inverse finance,238.33550292
2022-04-24,ftx,7317.761533848
2022-04-24,curve fi,812376.29510711
2022-01-16,anchor,147852.347969101
2022-04-28,ribbon finance,333.402031514
2022-02-23,lido,280139.029183035
2022-04-28,ftx,7292.474946313
2022-02-22,idex,100.907203896
2022-01-20,anchor,150367.142012007
2022-05-17,gate.io,108.198891117
2022-04-13,sybil delegate,11865.03923229
2022-03-09,ribbon finance,1177.96286185
2022-01-23,curve fi,584447.83792744
2022-02-20,ftx,7774.828393359
2022-03-24,curve fi,726036.53311062
2022-05-05,uniswap,463.389886874
2022-04-28,inverse finance,121.918404127
2022-04-30,gate.io,124.658204223
2021-12-17,inverse finance,5359.080023632
2022-05-10,anchor,590434.962170071
2022-01-15,lido,168650.788830105
2022-05-27,curve fi,713452.747108666
2022-05-14,anchor,32802.752195581
2022-05-18,fei protocol,48780.716712921
2022-03-25,lido,291502.24976122
2022-03-12,sybil delegate,9207.147547609
2022-05-26,opportunist,201.578256191
2022-03-04,idex,100.907203896
2022-05-15,gate.io,108.198891117
2022-05-25,uniswap,1294.632502419
2022-01-23,fei protocol,48780.716712921
2022-01-20,sybil delegate,8527.738730586
2022-04-04,curve fi,793292.414304851
2022-05-20,uniswap,1312.778439877
2022-02-12,inverse finance,144.963998666
2022-02-24,inverse finance,144.963998666
2022-02-14,idex,100.907203896
2022-04-11,fei protocol,48780.716712921
2022-05-02,inverse finance,121.918404127
2022-04-06,fei protocol,48780.716712921
2022-02-04,curve fi,629703.170075228
2022-01-17,inverse finance,105.978350936
2022-02-19,fei protocol,48780.716712921
2022-02-04,fei protocol,48780.716712921
2022-05-15,curve fi,563030.946092611
2022-04-18,inverse finance,123.498300591
2022-02-01,ftx,7052.516187176
2022-06-07,idex,100.907203896
2022-03-22,anchor,440575.560164181
2022-04-26,ribbon finance,150.850949672
2022-01-22,curve fi,589850.704296819
2022-05-21,anchor,17519.520635691
2022-06-09,ftx,69008.955700192
2022-06-13,curve fi,488689.063062259
2022-05-25,idex,100.907203896
2022-04-01,inverse finance,303.956976956
2022-01-04,inverse finance,5359.080023632
2022-01-28,curve fi,593214.034968973
2022-03-18,1inch,287.467852724
2022-05-04,anchor,673322.854731171
2022-05-10,lido,327654.985605051
2022-05-19,opportunist,201.578256191
2022-03-10,curve fi,647602.881267203
2022-02-13,inverse finance,144.963998666
2022-01-27,sybil delegate,8527.738730586
2021-12-26,anchor,113725.704012126
2022-04-20,sybil delegate,11865.03923229
2022-04-28,anchor,618750.677478691
2022-05-26,anchor,22033.533906311
2022-01-30,curve fi,635200.700791784
2022-05-31,anchor,6492.419131641
2021-12-24,ftx,44659.911142394
2022-01-31,ftx,7005.856880706
2022-02-15,ftx,7174.451233058
2022-04-08,fei protocol,48780.716712921
2022-04-03,lido,304847.164414022
2022-04-08,1inch,286.140885728
2021-12-22,fei protocol,24267.348169471
2022-01-30,inverse finance,140.126564302
2022-03-04,1inch,251.68864681
2022-05-21,lido,352289.537094249
2022-04-13,ftx,7041.733097585
2022-05-02,sybil delegate,11045.799113434
2021-12-20,anchor,111883.611892444
2022-06-04,ftx,11236.174649535
2022-03-10,idex,100.907203896
2021-12-29,curve fi,618664.537247729
2022-05-28,top degen,1186.111833258
2022-03-25,1inch,292.395104537
2022-04-19,anchor,555073.232351251
2021-12-25,lido,130704.011534291
2022-02-21,sybil delegate,8207.147547609
2022-05-17,idex,100.907203896
2022-03-03,inverse finance,147.292139264
2022-06-02,uniswap,981.090682746
2022-03-16,fei protocol,48780.716712921
2022-05-14,1inch,232.168674885
2022-06-01,ico-wallets,5554.442160625
2022-01-01,curve fi,624059.082847457
2022-04-01,anchor,499620.955275061
2022-03-01,fei protocol,48780.716712921
2022-04-11,ftx,6121.91839313
2022-05-16,opportunist,201.578256191
2022-03-20,fei protocol,48780.716712921
2022-05-04,sybil delegate,11045.799113434
2022-04-24,lido,339918.861293676
2022-06-08,curve fi,635353.53723052
2022-06-05,curve fi,684409.124681652
2022-05-29,ftx,10884.311189466
2021-12-20,ftx,37606.062100972
2022-05-29,inverse finance,551.124462083
2022-04-11,1inch,286.140885728
2022-05-26,sybil delegate,8207.147547609
2022-05-28,ftx,10762.289937864
2022-04-22,lido,335471.465788367
2022-05-14,ribbon finance,2000
2022-02-18,inverse finance,144.963998666
2022-02-04,ftx,7055.313505321
2022-06-12,anchor,4082.524867781
2022-01-27,inverse finance,140.126564302
2022-03-01,1inch,225.027654072
2021-12-22,ribbon finance,1615.662409718
2022-04-09,sybil delegate,11865.03923229
2022-04-05,ftx,6132.168675832
2022-01-06,1inch,250.432848015
2022-05-27,1inch,214.07391353
2022-03-22,sybil delegate,11757.744590542
2022-04-28,uniswap,473.063103614
2022-03-11,anchor,358763.200294301
2022-03-13,inverse finance,147.454568565
2022-06-12,idex,100.907203896
2022-06-11,fei protocol,48780.716712921
2021-12-20,lido,125696.645553775
2022-01-13,lido,164747.332905348
2022-05-12,curve fi,672042.846008097
2022-05-27,idex,100.907203896
2022-02-26,curve fi,601574.206130135
2022-01-21,sybil delegate,8527.738730586
2022-04-04,fei protocol,48780.716712921
2022-04-08,sybil delegate,11865.03923229
2022-02-18,1inch,208.063076781
2021-12-26,ribbon finance,2362.067268182
2022-05-15,idex,100.907203896
2022-05-03,lido,346559.428826328
2022-05-25,curve fi,702144.835380382
2022-04-15,lido,316410.541641057
2022-05-22,sybil delegate,8207.147547609
2022-05-12,ftx,7893.41823356
2021-12-25,fei protocol,24267.348169471
2022-04-20,ribbon finance,162.011542247
2022-05-27,opportunist,201.578256191
2022-05-05,inverse finance,121.918404127
2022-03-31,1inch,290.034195896
2022-05-18,1inch,236.866104819
2022-04-22,anchor,584547.80658061
2022-04-09,lido,317672.714416237
2022-02-22,curve fi,605961.427187225
2022-04-30,1inch,293.780135313
2022-04-22,1inch,265.111941702
2022-05-26,lido,368247.585907102
2022-01-19,idex,100.907203896
2022-03-14,sybil delegate,9207.147547609
2022-03-18,lido,295169.571344286
2022-01-02,fei protocol,48780.716712921
2022-02-20,inverse finance,144.963998666
2022-02-19,idex,100.907203896
2022-05-14,curve fi,599128.379972755
2022-01-07,lido,164709.981434904
2022-05-26,inverse finance,551.124462083
2022-03-18,sybil delegate,11757.744590542
2022-01-08,sybil delegate,8527.738730586
2021-12-28,sybil delegate,8527.738730586
2022-05-22,inverse finance,595.438501471
2022-05-18,lido,333348.087452616
2022-02-16,1inch,208.063076781
2022-04-15,1inch,274.030182865
2022-04-28,1inch,306.586591376
2022-05-29,anchor,22032.320403401
2021-12-20,fei protocol,24267.348169471
2022-05-26,gate.io,102.016312819
2022-05-19,fei protocol,48780.716712921
2022-03-12,ftx,3226.132906366
2022-03-20,inverse finance,303.956976956
2022-03-16,anchor,383632.910741021
2022-03-31,sybil delegate,11757.744590542
2022-03-09,anchor,357248.554682151
2022-02-27,lido,285796.868690557
2022-01-16,fei protocol,48780.716712921
2022-05-27,ico-wallets,5554.442160625
2022-04-28,sybil delegate,11445.127582161
2022-03-29,sybil delegate,11757.744590542
2022-03-11,1inch,250.998899254
2022-04-17,anchor,555073.232351251
2022-06-02,lido,385191.255760898
2022-06-11,top degen,1186.111833258
2022-04-15,sybil delegate,11865.03923229
2022-06-13,fei protocol,48780.716712921
2022-05-11,idex,100.907203896
2022-02-27,idex,100.907203896
2022-01-19,lido,171308.302608629
2022-04-21,1inch,262.113662889
2022-01-26,fei protocol,48780.716712921
2022-04-25,uniswap,465.644478947
2022-06-05,ico-wallets,5554.442160625
2022-02-19,anchor,220978.563743191
2021-12-18,curve fi,679763.683224926
2021-12-16,ftx,37380.126088338
2022-04-04,anchor,498819.819349721
2022-01-30,fei protocol,48780.716712921
2022-05-26,uniswap,1294.632502419
2022-05-13,fei protocol,48780.716712921
2022-04-09,idex,100.907203896
2021-12-28,lido,133516.623529474
2022-03-12,curve fi,656337.925319905
2022-01-27,1inch,230.634588155
2022-05-01,fei protocol,48780.716712921
2022-01-26,anchor,182134.980290171
2022-06-01,inverse finance,551.124462083
2022-04-20,1inch,283.446411715
2022-04-15,ftx,7828.181942697
2022-03-28,fei protocol,48780.716712921
2022-04-15,fei protocol,48780.716712921
2022-03-20,lido,293092.627939958
2022-03-16,1inch,283.750196897
2022-05-18,gate.io,108.198891117
2022-05-06,sybil delegate,8207.147547609
2022-04-18,lido,319549.317314413
2022-04-04,lido,306027.905706918
2022-02-09,idex,100.907203896
2022-06-04,fei protocol,48780.716712921
2022-02-08,ftx,7139.04313891
2022-04-04,inverse finance,145.855785378
2022-04-17,idex,100.907203896
2022-05-30,idex,100.907203896
2021-12-22,ftx,37634.926194571
2022-02-09,inverse finance,144.963998666
2022-05-18,ftx,11299.593163458
2022-02-23,fei protocol,48780.716712921
2022-05-27,sybil delegate,8207.147547609
2022-05-15,1inch,230.099000653
2022-04-17,1inch,272.817157979
2022-02-06,curve fi,624100.721447909
2022-04-18,sybil delegate,11865.03923229
2022-01-27,anchor,191989.426709441
2022-05-19,gate.io,108.198891117
2022-03-16,inverse finance,303.956976956
2022-02-25,ftx,2915.819962049
2022-05-24,sybil delegate,8207.147547609
2022-01-09,sybil delegate,8527.738730586
2022-06-04,1inch,207.769906447
2022-05-20,idex,100.907203896
2022-05-22,lido,352289.537094249
2022-06-01,uniswap,981.01610928
2022-04-11,ribbon finance,116.511181078
2022-02-12,anchor,207570.348137661
2022-04-27,lido,342157.381515958
2021-12-17,ftx,37384.090586136
2022-03-18,curve fi,672444.428639452
2022-04-06,ftx,6130.78985815
2021-12-25,1inch,223.773441345
2022-05-18,top degen,1186.111833258
2022-01-28,anchor,191496.932936651
2022-06-10,ftx,41468.891135219
2022-01-01,fei protocol,48780.716712921
2022-04-10,anchor,495413.467349901
2022-03-06,1inch,241.944198403
2021-12-30,1inch,237.836237041
2022-05-16,inverse finance,595.438501471
2021-12-18,ftx,37420.284015297
2022-03-01,ftx,3109.909256564
2022-01-01,sybil delegate,8527.738730586
2022-02-28,ftx,3086.258756345
2022-03-12,1inch,257.954182604
2021-12-24,inverse finance,5359.080023632
2021-12-29,sybil delegate,8527.738730586
2022-05-27,fei protocol,48780.716712921
2022-01-11,sybil delegate,8527.738730586
2022-04-28,lido,342885.160757705
2022-01-13,sybil delegate,8527.738730586
2022-05-22,top degen,1186.111833258
2022-06-05,top degen,1186.111833258
2022-06-11,1inch,264.643791728
2022-05-26,ftx,10102.900144333
2022-04-16,anchor,554994.646008641
2022-06-05,sybil delegate,8207.147547609
2022-04-03,inverse finance,145.855785378
2022-04-20,inverse finance,123.498300591
2022-02-06,1inch,224.522027459
2022-02-21,fei protocol,48780.716712921
2022-06-11,ico-wallets,5554.442160625
2022-03-21,ftx,3265.718798721
2021-12-20,sybil delegate,8527.738730586
2022-05-08,top degen,1186.111833258
2022-04-10,curve fi,815107.164305662
2022-03-30,fei protocol,48780.716712921
2022-01-07,curve fi,615377.760286843
2022-06-01,top degen,1186.111833258
2021-12-27,anchor,113949.939594913
2022-05-02,curve fi,827458.58100561
2022-04-07,inverse finance,123.498300591
2022-04-06,lido,312353.892803567
2022-01-25,inverse finance,140.126564302
2022-02-21,curve fi,611557.763460518
2022-03-29,inverse finance,303.956976956
2022-06-07,ftx,11161.818953447
2022-02-26,sybil delegate,8207.147547609
2022-05-16,sybil delegate,8207.147547609
2022-06-07,top degen,1186.111833258
2022-05-10,ftx,23784.877485058
2022-04-10,fei protocol,48780.716712921
2022-05-30,ftx,11324.36491086
2022-01-18,fei protocol,48780.716712921
2022-01-18,curve fi,634409.625387542
2022-01-03,1inch,253.497140804
2021-12-16,fei protocol,24267.348169471
2022-01-22,sybil delegate,8527.738730586
2022-02-15,fei protocol,48780.716712921
2022-04-07,idex,100.907203896
2022-01-29,anchor,149486.936460461
2022-05-06,idex,100.907203896
2022-01-03,ftx,44961.631394745
2022-01-10,sybil delegate,8527.738730586
2022-05-01,lido,346559.428826328
2022-05-17,curve fi,577392.892642109
2022-06-12,lido,478807.533130767
2022-05-14,sybil delegate,8207.147547609
2022-06-12,sybil delegate,8207.147547609
2022-04-27,1inch,291.204937162
2022-03-25,curve fi,723799.446899262
2022-03-13,1inch,265.253677343
2022-04-17,sybil delegate,11865.03923229
2022-02-04,1inch,226.594644486
2022-04-16,idex,100.907203896
2022-06-01,curve fi,666321.864490088
2021-12-28,fei protocol,24267.348169471
2022-05-02,1inch,293.780135313
2022-01-29,sybil delegate,8527.738730586
2021-12-24,1inch,225.828088645
2021-12-21,inverse finance,5359.080023632
2022-04-21,idex,100.907203896
2022-05-31,top degen,1186.111833258
2022-05-26,1inch,209.258342664
2022-01-03,ribbon finance,287.76888972
2022-02-13,ftx,7163.930959871
2022-02-20,idex,100.907203896
2022-01-24,sybil delegate,8527.738730586
2022-01-05,fei protocol,48780.716712921
2021-12-25,curve fi,638970.610427191
2022-05-16,lido,329753.270111521
2022-02-27,anchor,279521.655511321
2022-05-19,anchor,17519.520635691
2022-02-20,curve fi,610238.609443374
2022-05-23,ico-wallets,5554.442160625
2022-04-17,lido,319549.317314413
2022-01-20,1inch,231.972481215
2022-02-16,sybil delegate,8527.738730586
2022-05-12,gate.io,108.198891117
2022-05-16,curve fi,582092.580875644
2022-03-14,ribbon finance,261.190618221
2022-05-31,sybil delegate,8207.147547609
2022-06-05,anchor,6433.983703691
2022-04-22,inverse finance,121.918404127
2022-05-19,inverse finance,595.438501471
2022-03-16,sybil delegate,11757.744590542
2022-06-05,uniswap,985.146500314
2022-01-17,lido,170514.370897231
2021-12-22,curve fi,641351.67207343
2022-04-16,fei protocol,48780.716712921
2022-04-29,anchor,619079.843884201
2022-05-22,ribbon finance,2132.1978793
2022-05-10,sybil delegate,8207.147547609
2022-01-05,curve fi,625283.006842592
2022-04-02,fei protocol,48780.716712921
2022-05-20,inverse finance,595.438501471
2022-05-18,uniswap,1244.887543993
2022-04-15,curve fi,790148.491662187
2022-01-10,curve fi,636025.07807784
2022-06-11,uniswap,1493.579248511
2022-03-13,curve fi,656681.446820697
2022-04-29,sybil delegate,11045.799113434
2022-01-30,sybil delegate,8527.738730586
2022-04-08,ftx,6121.91839313
2022-02-19,sybil delegate,8207.147547609
2022-04-14,sybil delegate,11865.03923229
2022-04-02,lido,301334.185653133
2022-03-14,fei protocol,48780.716712921
2022-03-29,ribbon finance,180.199412975
2022-01-10,fei protocol,48780.716712921
2022-04-21,fei protocol,48780.716712921
2022-05-21,curve fi,674389.664107583
2021-12-26,inverse finance,5359.080023632
2022-02-18,fei protocol,48780.716712921
2022-03-02,curve fi,601980.900019641
2022-03-04,ftx,3086.248681561
2022-02-10,ribbon finance,202.271463416
2022-02-09,anchor,207349.031668621
2022-02-20,fei protocol,48780.716712921
2022-05-10,idex,100.907203896
2022-03-09,1inch,249.703510805
2022-03-24,ftx,6350.672794539
2022-01-02,sybil delegate,8527.738730586
2022-02-28,fei protocol,48780.716712921
2022-01-20,inverse finance,105.978350936
2022-03-30,1inch,295.495554904
2022-03-10,anchor,358370.943275011
2022-03-07,curve fi,617479.662894097
2022-06-12,gate.io,152.613980834
2022-04-18,ftx,7678.403293411
2022-05-07,inverse finance,121.918404127
2022-04-03,1inch,309.964002872
2022-04-03,fei protocol,48780.716712921
2022-06-02,inverse finance,551.124462083
2022-02-05,1inch,229.325348189
2022-02-26,anchor,277540.752313801
2022-04-24,sybil delegate,11842.824375149
2022-05-04,uniswap,463.821534907
2022-05-28,uniswap,913.48108967
2021-12-30,inverse finance,5359.080023632
2022-06-10,1inch,264.643791728
2022-02-07,curve fi,620423.709865537
2022-01-05,sybil delegate,8527.738730586
2022-02-21,ftx,7764.979149738
2022-04-26,curve fi,815229.310462544
2022-02-04,lido,216955.3506731
2022-03-28,sybil delegate,11757.744590542
2022-02-19,ftx,7622.764498876
2022-05-19,1inch,231.796089297
2021-12-28,curve fi,641801.720430069
2022-01-25,ftx,9930.48124544
2021-12-15,curve fi,682535.766249453
2022-03-07,anchor,293875.602103821
2022-04-24,1inch,281.811720626
2022-01-20,fei protocol,48780.716712921
2022-01-28,inverse finance,140.126564302
2022-03-04,curve fi,611493.171554979
2021-12-18,lido,126139.297591606
2022-02-14,curve fi,606102.28583758
2022-06-03,ftx,11236.174649535
2022-04-20,idex,100.907203896
2022-04-30,curve fi,827458.58100561
2022-05-25,anchor,22033.533906311
2022-06-08,ftx,29641.523390162
2022-01-29,ftx,6993.769894491
2022-05-19,curve fi,674389.664107583
2022-05-28,idex,100.907203896
2022-04-02,ftx,6151.717261664
2022-03-24,fei protocol,48780.716712921
2022-04-06,idex,100.907203896
2022-03-05,curve fi,609610.795598251
2022-03-22,1inch,302.709609676
2022-05-23,uniswap,1375.88010185
2022-02-15,anchor,218852.404596111
2022-04-25,lido,334992.035305142
2022-03-17,inverse finance,303.956976956
2022-05-12,1inch,233.100161531
2022-05-23,top degen,1186.111833258
2022-05-16,uniswap,1261.939782145
2022-05-17,opportunist,201.578256191
2022-03-03,anchor,285073.919843711
2022-01-03,anchor,109312.018696584
2022-03-08,ftx,3109.145623176
2021-12-29,1inch,228.770454319
2022-02-17,curve fi,609336.420937894
2022-04-04,ribbon finance,200.058235135
2022-05-07,gate.io,124.658204223
2022-06-10,anchor,4721.074501491
2022-05-22,uniswap,1312.778439877
2022-05-29,top degen,1186.111833258
2022-06-02,ico-wallets,5554.442160625
2022-02-09,fei protocol,48780.716712921
2022-05-17,uniswap,1235.712937819
2022-04-23,inverse finance,121.918404127
2022-01-31,anchor,149982.757231221
2022-01-08,curve fi,613182.132979902
2021-12-22,inverse finance,5359.080023632
2022-02-13,idex,100.907203896
2022-03-07,lido,276625.613611161
2022-01-17,fei protocol,48780.716712921
2022-04-26,gate.io,124.658204223
2022-01-13,ftx,6617.592045284
2022-01-31,1inch,241.251208847
2022-06-08,ico-wallets,5554.442160625
2022-03-16,ribbon finance,294.514886651
2021-12-26,fei protocol,24267.348169471
2022-01-16,curve fi,628561.964263578
2022-06-04,opportunist,201.578256191
2022-05-11,1inch,236.881972029
2022-02-07,ftx,7101.987422304
2021-12-17,anchor,96651.372049888
2021-12-26,lido,130605.383099021
2022-01-08,fei protocol,48780.716712921
2022-03-29,fei protocol,48780.716712921
2021-12-22,sybil delegate,8527.738730586
2022-03-13,idex,100.907203896
2022-03-05,anchor,289259.386450131
2022-01-14,curve fi,635700.272596562
2022-01-02,ribbon finance,140.004005132
2022-01-27,idex,100.907203896
2022-04-22,curve fi,807573.473890443
2022-04-17,curve fi,806953.452814865
2022-05-17,lido,325186.651183694
2022-01-22,lido,171472.697472937
2022-05-05,sybil delegate,8207.147547609
2022-03-18,ftx,3249.074219862
2022-05-30,fei protocol,48780.716712921
2022-06-05,lido,391701.268256897
2022-05-19,ico-wallets,5554.442160625
2022-03-26,fei protocol,48780.716712921
2022-04-08,anchor,495413.467349901
2022-05-13,1inch,238.15951376
2022-06-10,opportunist,312.157487757
2021-12-21,ftx,37604.912100972
2022-01-25,fei protocol,48780.716712921
2021-12-28,ftx,44775.730108819
2022-04-10,1inch,286.140885728
2022-05-24,top degen,1186.111833258
2022-01-17,idex,100.907203896
2022-02-26,1inch,212.053934305
2022-02-08,sybil delegate,8527.738730586
2021-12-30,lido,133888.366424355
2022-04-15,inverse finance,123.498300591
2022-04-21,uniswap,222.410434824
2022-02-13,lido,244405.988571473
2022-04-21,lido,339660.89227094
2021-12-25,ribbon finance,2291.685806067
2022-02-02,sybil delegate,8527.738730586
2022-04-12,ftx,7001.935289461
2022-01-04,sybil delegate,8527.738730586
2022-02-24,sybil delegate,8207.147547609
2022-01-31,idex,100.907203896
2022-02-05,idex,100.907203896
2022-05-28,curve fi,704286.636614942
2022-02-07,fei protocol,48780.716712921
2022-03-15,ftx,3221.826160389
2022-02-28,idex,100.907203896
2022-06-03,curve fi,682686.381490586
2022-04-24,inverse finance,121.918404127
2022-06-08,fei protocol,48780.716712921
2022-05-05,anchor,671520.631712471
2021-12-23,sybil delegate,8527.738730586
2022-05-01,uniswap,473.636794932
2022-05-12,lido,327465.572911235
2022-06-04,sybil delegate,8207.147547609
2021-12-31,inverse finance,5359.080023632
2022-02-12,fei protocol,48780.716712921
2022-04-07,1inch,286.140885728
2021-12-29,inverse finance,5359.080023632
2021-12-31,curve fi,623573.40939811
2022-03-13,anchor,361289.217327101
2022-03-12,lido,286009.005526698
2021-12-31,anchor,109503.508438875
2022-05-18,sybil delegate,8207.147547609
2022-01-19,fei protocol,48780.716712921
2022-01-11,curve fi,636258.776476275
2022-02-28,sybil delegate,8207.147547609
2022-03-11,idex,100.907203896
2022-04-08,inverse finance,123.498300591
2022-04-26,sybil delegate,11842.824375149
2022-02-26,fei protocol,48780.716712921
2022-04-13,lido,315654.49082685
2022-02-21,lido,251969.932758821
2022-01-08,inverse finance,5359.080023632
2022-01-28,1inch,221.688385189
2022-05-28,1inch,214.923331516
2022-05-06,ftx,7687.173977026
2022-02-27,fei protocol,48780.716712921
2022-04-03,ftx,6127.362681927
2022-04-16,1inch,274.030182865
2022-01-21,anchor,172537.962714634
2022-04-11,inverse finance,123.498300591
2022-05-13,anchor,76241.007682581
2022-01-26,1inch,220.207954394
2022-05-29,curve fi,680852.069539439
2022-05-07,curve fi,842142.406017663
2022-02-16,curve fi,608825.217706932
2022-06-08,opportunist,201.578256191
2022-03-29,1inch,293.766020812
2022-06-13,idex,100.907203896
2022-06-08,inverse finance,551.124462083
2022-05-17,1inch,236.959706589
2022-03-29,ftx,6371.740419836
2022-04-09,1inch,286.140885728
2022-06-08,anchor,5160.552346101
2022-05-16,fei protocol,48780.716712921
2022-02-01,lido,208306.351705377
2022-04-30,sybil delegate,11045.799113434
2022-03-23,ribbon finance,284.462344831
2022-05-03,curve fi,827458.58100561
2021-12-16,sybil delegate,8527.738730586
2022-01-02,anchor,109223.234143343
2022-04-25,curve fi,817363.114207175
2022-06-01,1inch,207.769906447
2022-06-13,top degen,1186.111833258
2022-06-12,uniswap,1496.52621582
2022-02-17,sybil delegate,8527.738730586
2022-05-31,idex,100.907203896
2021-12-23,1inch,226.919136896
2022-01-16,lido,169361.614107191
2022-05-21,fei protocol,48780.716712921
2022-03-11,ftx,3226.464397143
2022-05-23,opportunist,201.578256191
2022-05-10,uniswap,374.120990009
2022-01-01,1inch,266.323895446
2022-02-28,inverse finance,147.292139264
2022-02-17,fei protocol,48780.716712921
2022-04-26,fei protocol,48780.716712921
2022-03-05,ribbon finance,428.278122547
2022-03-06,sybil delegate,8207.147547609
2022-06-06,ftx,11236.174649535
2022-06-09,ribbon finance,328.61307045
2022-01-16,1inch,229.677136018
2022-01-01,ftx,44913.991706667
2022-01-30,ftx,7005.856880706
2022-03-31,idex,100.907203896
2022-04-04,ftx,6128.052151674
2022-05-31,fei protocol,48780.716712921
2022-05-30,top degen,1186.111833258
2022-04-03,curve fi,792146.300324047
2022-04-11,curve fi,815107.164305662
2022-01-02,ftx,44944.677071283
2022-05-18,opportunist,201.578256191
2022-06-12,ico-wallets,5554.442160625
2022-02-05,curve fi,625262.011008836
2022-05-03,inverse finance,121.918404127
2022-05-07,ftx,7711.653648373
2022-01-04,anchor,125393.717103158
2021-12-31,fei protocol,48780.716712921
2022-05-10,fei protocol,48780.716712921
2022-05-31,1inch,207.769906447
2021-12-20,ribbon finance,1396.237081045
2022-03-09,inverse finance,147.454568565
2022-05-11,gate.io,122.510825497
2022-05-11,fei protocol,48780.716712921
2022-03-28,ribbon finance,164.634670118
2022-04-04,1inch,314.152952431
2022-01-22,inverse finance,105.064382881
2022-03-14,curve fi,658460.860848872
2022-05-08,sybil delegate,8207.147547609
2021-12-16,curve fi,680957.434021686
2022-06-13,ftx,130606.219292059
2021-12-29,fei protocol,48780.716712921
2022-03-19,inverse finance,303.956976956
2022-03-31,fei protocol,48780.716712921
2022-04-25,gate.io,157.367795165
2022-03-23,inverse finance,303.956976956
2022-04-06,inverse finance,145.855785378
2022-06-11,sybil delegate,8207.147547609
2022-04-06,sybil delegate,11865.03923229
2022-04-26,1inch,284.925703057
2022-03-03,idex,100.907203896
2022-02-03,1inch,234.344273814
2022-01-30,anchor,149675.184129591
2022-04-30,ftx,7331.30749371
2022-06-07,anchor,5219.689330841
2022-02-26,ftx,3077.226998208
2021-12-27,sybil delegate,8527.738730586
2022-05-08,curve fi,879298.459668476
2022-05-23,idex,100.907203896
2022-04-10,ribbon finance,116.511181078
2022-03-13,ftx,3228.38299574
2022-05-24,anchor,22102.170955391
2022-05-09,fei protocol,48780.716712921
2022-03-17,curve fi,681450.663984642
2022-04-29,ftx,7292.985912149
2022-02-11,curve fi,625832.790283537
2021-12-30,anchor,109858.393845348
2022-03-28,ftx,6205.13331965
2022-04-04,idex,100.907203896
2022-02-06,fei protocol,48780.716712921
2022-02-01,idex,100.907203896
2022-04-10,inverse finance,123.498300591
2022-03-03,1inch,233.828073861
2022-02-08,anchor,207666.561105801
2022-01-06,anchor,122890.62486942
2022-02-11,1inch,208.981160293
2021-12-15,fei protocol,24267.348169471
2022-03-20,sybil delegate,11757.744590542
2022-01-09,anchor,147829.877445425
2022-01-10,anchor,147746.754519431
2022-04-07,ribbon finance,116.511181078
2022-02-10,sybil delegate,8527.738730586
2022-04-08,lido,317672.714416237
2022-01-29,lido,203726.813206847
2022-05-22,curve fi,674389.664107583
2022-05-08,uniswap,463.683556177
2022-05-06,fei protocol,48780.716712921
2022-02-16,ftx,7178.457445546
2022-04-14,anchor,478792.582811891
2022-04-21,ftx,7231.926873514
2022-02-06,idex,100.907203896
2022-04-26,inverse finance,121.918404127
2022-05-06,uniswap,462.40447058
2022-06-02,opportunist,201.578256191
2022-06-01,idex,100.907203896
2022-05-09,uniswap,374.120990009
2022-04-05,fei protocol,48780.716712921
2022-04-07,ftx,6121.91839313
2022-03-19,ftx,3252.0823656
2022-01-24,curve fi,583733.12485645
2022-06-10,fei protocol,48780.716712921
2022-01-23,sybil delegate,8527.738730586
2022-05-13,inverse finance,595.834554894
2022-04-07,lido,317672.714416237
2022-01-04,curve fi,624584.864870579
2021-12-19,fei protocol,24267.348169471
2022-02-15,sybil delegate,8527.738730586
2022-02-04,idex,100.907203896
2022-01-12,fei protocol,48780.716712921
2022-05-21,top degen,1186.111833258
2021-12-22,anchor,112783.897257224
2022-03-08,inverse finance,159.382461886
2022-04-12,inverse finance,123.498300591
2022-01-24,anchor,181700.364869289
2022-03-30,sybil delegate,11757.744590542
2022-05-10,gate.io,122.510825497
2022-01-23,inverse finance,105.064382881
2022-05-03,fei protocol,48780.716712921
2021-12-23,curve fi,641138.784036779
2022-03-20,1inch,281.795141243
2021-12-17,1inch,839.411173723
2022-01-11,ribbon finance,837.923862725
2022-05-15,uniswap,1252.63311359
2022-01-18,inverse finance,105.978350936
2022-03-21,curve fi,681845.496314034
2022-03-03,lido,272367.465509944
2022-03-05,idex,100.907203896
2021-12-15,lido,122877.086440491
2022-04-05,lido,312189.700494393
2022-01-02,inverse finance,5359.080023632
2022-05-09,inverse finance,238.33550292
2022-01-14,inverse finance,105.978350936
2022-05-19,lido,352289.537094249
2022-03-09,lido,275609.834920059
2022-04-19,idex,100.907203896
2022-06-08,uniswap,1435.520526647
2022-01-11,ftx,6569.594161395
2022-03-13,sybil delegate,9207.147547609
2021-12-26,1inch,216.427463674
2022-06-06,lido,391701.268256897
2022-02-09,lido,238891.897040575
2022-06-10,idex,100.907203896
2022-01-14,fei protocol,48780.716712921
2021-12-28,inverse finance,5359.080023632
2022-05-23,curve fi,696293.913029889
2022-02-13,curve fi,605521.825038028
2022-03-09,ftx,3164.767000785
2021-12-19,inverse finance,5359.080023632
2022-06-09,lido,433589.729619394
2022-04-07,fei protocol,48780.716712921
2022-05-22,anchor,17519.520635691
2022-05-20,ribbon finance,2132.1978793
2022-02-25,curve fi,601360.779393374
2022-03-07,idex,100.907203896
2022-03-31,inverse finance,303.956976956
2022-05-31,opportunist,201.578256191
2022-03-14,lido,289340.614652022
2022-04-01,lido,306543.261909392
2022-05-09,curve fi,972519.057008607
2022-01-21,ftx,4240.45499528
2022-02-07,inverse finance,145.305207989
2022-03-17,anchor,392039.970167731
2022-02-24,1inch,207.626221771
2022-04-24,fei protocol,48780.716712921
2022-03-13,lido,288061.487829303
2022-06-09,1inch,258.12429746
2022-06-02,fei protocol,48780.716712921
2022-02-02,anchor,210931.612713201
2022-05-27,lido,371979.117469934
2022-06-09,curve fi,653341.248364034
2022-05-16,ftx,10368.236538417
2022-05-01,idex,100.907203896
2022-05-13,uniswap,1173.824641412
2022-05-31,inverse finance,551.124462083
2021-12-19,ftx,37513.371488079
2022-04-06,curve fi,809639.331928342
2022-04-28,curve fi,816457.908945356
2022-01-27,ftx,6962.974539792
2022-03-02,inverse finance,147.292139264
2022-05-24,idex,100.907203896
2022-06-07,uniswap,1114.274832054
2022-06-09,uniswap,1501.408045031
2022-01-29,idex,100.907203896
2022-05-19,uniswap,1312.778439877
2022-03-21,fei protocol,48780.716712921
2022-03-28,idex,100.907203896
2022-02-06,ftx,7089.895576707
2022-02-26,idex,100.907203896
2022-02-17,idex,100.907203896
2022-03-23,anchor,462516.601046541
2021-12-28,1inch,240.094749844
2022-03-08,sybil delegate,8207.147547609
2022-01-26,ftx,9961.381800632
2022-01-21,curve fi,615444.581022989
2022-05-02,gate.io,124.658204223
2022-03-04,fei protocol,48780.716712921
2022-03-05,fei protocol,48780.716712921
2021-12-28,anchor,113999.883015957
2022-06-04,ico-wallets,5554.442160625
2022-05-05,curve fi,824457.535326544
2022-02-08,idex,100.907203896
2022-01-06,fei protocol,48780.716712921
2022-06-01,sybil delegate,8207.147547609
2022-05-24,fei protocol,48780.716712921
2022-02-13,anchor,218598.212192821
2022-05-03,gate.io,124.658204223
2022-04-04,sybil delegate,11865.03923229
2022-01-01,lido,138679.214425341
2022-05-22,fei protocol,48780.716712921
2022-05-02,ftx,7331.30749371
2022-02-01,fei protocol,48780.716712921
2022-03-06,lido,277023.858824326
2022-05-20,top degen,1186.111833258
2022-03-15,ribbon finance,265.219742002
2022-01-04,1inch,250.643180311
2022-03-02,1inch,223.559653723
2022-03-26,idex,100.907203896
2022-04-22,sybil delegate,11842.824375149
2022-04-27,curve fi,824018.061609891
2022-06-03,top degen,1186.111833258
2022-03-31,ribbon finance,131.761148666
2022-05-13,curve fi,618267.772910092
2022-02-16,lido,248236.222973787
2022-03-30,curve fi,746034.876241919
2022-01-07,1inch,246.019289598
2022-02-17,anchor,219357.230797941
2022-04-08,idex,100.907203896
2022-05-11,anchor,304098.616189491
2022-06-05,fei protocol,48780.716712921
2022-04-09,ribbon finance,116.511181078
2022-04-27,sybil delegate,11445.127582161
2022-05-17,ico-wallets,5554.442160625
2022-05-17,fei protocol,48780.716712921
2022-03-17,fei protocol,48780.716712921
2022-06-08,idex,100.907203896
2022-04-17,ftx,7678.403293411
2022-02-07,idex,100.907203896
2022-06-11,curve fi,504473.125821811
2022-01-12,lido,164660.799232474
2022-02-15,1inch,202.693640812
2022-04-23,1inch,265.111941702
2021-12-31,sybil delegate,8527.738730586
2022-02-08,inverse finance,145.305207989
2022-06-05,idex,100.907203896
2022-02-27,inverse finance,147.292139264
2022-05-13,sybil delegate,8627.339452398
2022-05-16,top degen,1186.111833258
2022-04-28,idex,100.907203896
2022-05-01,curve fi,827458.58100561
2022-06-03,inverse finance,551.124462083
2022-05-01,anchor,619313.687367951
2022-03-07,sybil delegate,8207.147547609
2021-12-18,sybil delegate,8527.738730586
2022-03-01,idex,100.907203896
2022-05-06,gate.io,124.658204223
2022-03-29,lido,293641.162377536
2022-02-05,ftx,7056.708153988
2022-04-25,idex,100.907203896
2022-02-21,anchor,226738.776275401
2022-04-11,idex,100.907203896
2022-05-12,fei protocol,48780.716712921
2022-06-08,top degen,1186.111833258
2022-02-26,lido,285435.759536613
2022-02-23,1inch,212.870803561
2022-03-30,lido,296407.364771081
2022-05-07,fei protocol,48780.716712921
2022-05-29,fei protocol,48780.716712921
2022-05-09,anchor,590434.962170071
2022-01-26,idex,100.907203896
2022-06-12,fei protocol,48780.716712921
2022-03-17,1inch,271.795319777
2022-01-20,curve fi,614201.994937533
2022-03-18,idex,100.907203896
2022-01-08,ftx,18542.909747256
2022-03-06,inverse finance,159.382461886
2022-04-13,1inch,281.574326982
2022-03-10,fei protocol,48780.716712921
2022-03-31,ftx,6590.705063709
2022-02-13,1inch,198.96985532
2022-06-13,ribbon finance,329.13976347
2021-12-21,fei protocol,24267.348169471
2022-01-18,idex,100.907203896
2022-02-17,1inch,208.063076781
2022-02-09,curve fi,623282.818140192
2022-04-21,inverse finance,121.918404127
2022-05-26,curve fi,702144.835380382
2022-06-09,idex,100.907203896
2022-01-26,lido,169671.55349683
2022-04-27,ftx,7261.958477736
2022-03-03,curve fi,610900.628810609
2022-05-26,idex,100.907203896
2022-06-06,anchor,6433.983703691
2022-05-20,ftx,11355.096854458
2022-04-29,inverse finance,121.918404127
2022-04-09,curve fi,815107.164305662
2021-12-27,1inch,224.931201689
2022-03-17,sybil delegate,11757.744590542
2022-05-25,1inch,209.258342664
2022-04-30,idex,100.907203896
2022-05-09,lido,327654.985605051
2022-02-27,ftx,3086.115865562
2022-05-26,top degen,1186.111833258
2022-05-28,inverse finance,551.124462083
2022-04-16,sybil delegate,11865.03923229
2022-06-07,inverse finance,551.124462083
2022-05-13,gate.io,108.198891117
2022-02-05,lido,221842.466892136
2022-04-20,curve fi,800239.176948881
2022-01-02,lido,140450.802162626
2022-02-24,anchor,268951.318688141
2022-02-18,idex,100.907203896
2022-02-28,1inch,230.325224037
2022-06-03,fei protocol,48780.716712921
2022-05-02,fei protocol,48780.716712921
2022-05-30,1inch,221.353224025
2022-04-24,anchor,583920.957096261
2022-04-18,curve fi,806953.452814865
2022-03-03,sybil delegate,8207.147547609
2022-03-02,fei protocol,48780.716712921
2021-12-27,ftx,44715.357554765
2022-05-17,ftx,10046.056619786
2022-05-27,gate.io,102.016312819
2022-03-16,ftx,3227.003783176
2022-02-20,anchor,226278.668909441
2022-04-03,sybil delegate,11865.03923229
2022-04-12,idex,100.907203896
2022-05-09,ftx,23784.877485058
2022-04-27,uniswap,472.969484746
2021-12-15,inverse finance,5359.080023632
2022-03-24,ribbon finance,300.893716819
2022-05-11,uniswap,402.995359308
2022-04-11,lido,317672.714416237
2022-01-29,1inch,223.276844771
2022-06-11,anchor,4654.670957431
2022-04-07,anchor,495413.467349901
2022-06-02,ftx,11236.174649535
2022-03-29,idex,100.907203896
2022-04-16,lido,319863.540231816
2022-03-24,inverse finance,303.956976956
2022-03-19,anchor,440323.319339111
2022-04-09,fei protocol,48780.716712921
2022-05-16,ribbon finance,1862.041580937
2022-04-26,lido,338585.901122771
2022-03-22,inverse finance,303.956976956
2022-01-12,inverse finance,105.978350936
2022-04-30,uniswap,473.636794932
2022-01-04,fei protocol,48780.716712921
2022-03-06,anchor,291669.797187041
2022-03-03,fei protocol,48780.716712921
2022-01-06,curve fi,631334.633988219
2022-05-26,fei protocol,48780.716712921
2022-01-29,fei protocol,48780.716712921
2022-03-29,anchor,466396.909084521
2022-02-14,anchor,218748.994073941
2022-05-22,ftx,11355.096854458
2022-03-20,curve fi,677057.612722507
2022-05-11,curve fi,909719.4950815
2021-12-21,1inch,226.946662838
2022-02-08,curve fi,621791.13420735
2022-01-10,lido,165017.433891275
2022-03-21,sybil delegate,11757.744590542
2022-05-24,gate.io,102.016312819
2022-01-15,curve fi,633368.401279287
2022-06-05,inverse finance,551.124462083
2022-05-15,ftx,9961.954432534
2022-03-22,ribbon finance,244.380133435
2022-05-08,fei protocol,48780.716712921
2022-05-08,inverse finance,238.33550292
2022-04-13,inverse finance,123.498300591
2022-01-26,sybil delegate,8527.738730586
2022-03-10,ribbon finance,1090.655179565
2022-06-10,top degen,1186.111833258
2021-12-28,ribbon finance,2914.226526647
2022-05-06,curve fi,825106.582026936
2022-02-14,1inch,197.706659403
2022-04-01,fei protocol,48780.716712921
2022-01-23,idex,100.907203896
2022-06-01,ftx,11236.174649535
2022-05-21,sybil delegate,8207.147547609
2022-05-20,sybil delegate,8207.147547609
2022-02-01,ribbon finance,119.684507355
2022-05-23,1inch,219.377839273
2022-02-10,inverse finance,144.963998666
2022-01-24,inverse finance,140.126564302
2022-03-23,idex,100.907203896
2022-05-12,uniswap,440.148426135
2022-01-30,1inch,227.753828841
2022-05-21,idex,100.907203896
2022-03-16,lido,290304.833322534
2022-02-25,lido,285564.893347488
2022-01-11,lido,165069.721027383
2022-03-07,1inch,240.266349133
2022-03-21,anchor,440721.435991871
2022-01-24,lido,172388.742262892
2022-05-24,lido,363352.110193467
2022-03-01,lido,277297.681415243
2022-03-16,idex,100.907203896
2021-12-18,inverse finance,5359.080023632
2022-05-14,opportunist,201.578256191
2022-03-23,1inch,295.872171292
2022-01-28,sybil delegate,8527.738730586
2022-03-14,idex,100.907203896
2022-02-22,lido,280163.713354194
2022-01-20,idex,100.907203896
2022-02-11,ftx,7159.176848566
2022-03-10,ftx,3210.794035345
2022-05-05,gate.io,124.658204223
2022-05-22,ico-wallets,5554.442160625
2022-05-22,idex,100.907203896
2021-12-29,ftx,44770.489816359
2022-02-09,ftx,7139.04313891
2022-05-28,opportunist,201.578256191
2022-04-25,ftx,7338.990658094
2022-02-13,fei protocol,48780.716712921
2022-02-25,fei protocol,48780.716712921
2022-01-15,ftx,6585.402095494
2022-03-19,lido,293127.148073783
2022-02-08,lido,237154.992392798
2022-02-03,sybil delegate,8527.738730586
2022-01-30,lido,204081.110424255
2022-05-16,anchor,33695.415963271
2022-05-01,1inch,293.780135313
2022-04-19,lido,319549.317314413
2022-06-12,curve fi,507914.342811715
2021-12-26,sybil delegate,8527.738730586
2022-06-08,sybil delegate,8207.147547609
2022-05-21,ftx,11355.096854458
2022-03-30,inverse finance,303.956976956
2022-04-12,sybil delegate,11865.03923229
2022-05-30,opportunist,201.578256191
2022-01-19,ftx,6637.630029155
2022-04-30,lido,346559.428826328
2022-03-25,inverse finance,303.956976956
2022-01-03,curve fi,624312.584195873
2022-02-10,1inch,209.060406816
2022-05-28,ico-wallets,5554.442160625
2022-02-07,1inch,229.847735069
2022-05-15,inverse finance,595.894241324
2022-03-19,fei protocol,48780.716712921
2022-05-30,uniswap,962.08793028
2022-02-14,inverse finance,144.963998666
2022-03-28,inverse finance,303.956976956
2022-01-11,inverse finance,105.978350936
2022-03-01,inverse finance,147.292139264
2022-01-05,ftx,45639.531111353
2022-01-21,idex,100.907203896
2022-04-25,sybil delegate,11842.824375149
2022-02-24,ftx,2907.714431322
2022-03-30,ribbon finance,172.199412975
2022-01-07,inverse finance,5359.080023632
2022-03-04,inverse finance,147.292139264
2022-04-10,idex,100.907203896
2022-01-12,anchor,147574.173023717
2021-12-24,anchor,113517.706015881
2022-01-29,inverse finance,140.126564302
2021-12-30,ftx,44857.381880447
2022-02-10,fei protocol,48780.716712921
2022-01-16,ftx,6584.402095494
2022-06-02,idex,100.907203896
2022-04-03,anchor,498515.620862151
2022-01-29,curve fi,633388.433668257
2022-04-29,uniswap,473.396283698
2022-03-22,curve fi,721117.485910962
2022-01-10,1inch,256.350058962
2022-01-26,curve fi,593141.375257951
2022-01-31,inverse finance,140.126564302
2021-12-15,ribbon finance,255.655226316
2022-01-15,idex,100.907203896
2021-12-31,lido,137409.477700809
2022-05-11,lido,325991.826471927
2022-02-19,1inch,202.577532592
2022-06-09,fei protocol,48780.716712921
2022-02-06,lido,223553.285068994
2022-04-05,curve fi,805691.646193883
2022-01-22,fei protocol,48780.716712921
2022-05-06,inverse finance,121.918404127
2022-01-18,lido,170709.830026737
2022-05-21,1inch,231.796089297
2022-06-01,anchor,6433.983703691
2022-01-03,fei protocol,48780.716712921
2022-05-13,top degen,1186.111833258
2022-06-06,sybil delegate,8207.147547609
2022-06-01,lido,385191.255760898
2022-05-15,fei protocol,48780.716712921
2021-12-29,ribbon finance,3169.139804741
2022-03-01,sybil delegate,8207.147547609
2022-06-03,ico-wallets,5554.442160625
2022-02-15,idex,100.907203896
2022-04-05,1inch,299.959372004
2022-01-01,anchor,109235.743209981
2022-05-31,curve fi,672122.420092289
2022-04-08,ribbon finance,116.511181078
2022-03-08,idex,100.907203896
2022-01-19,anchor,145078.982360553
2022-03-21,1inch,300.873180886
2022-02-08,fei protocol,48780.716712921
2022-02-28,curve fi,602807.951417788
2022-03-03,ribbon finance,1054.268232345
2022-05-14,fei protocol,48780.716712921
2022-05-29,uniswap,965.406847604
2022-06-06,idex,100.907203896
2022-01-23,anchor,209888.033331679
2022-01-14,anchor,148022.098388965
2022-03-02,lido,277213.108297658
2022-05-14,lido,332378.055470959
2022-01-05,lido,141904.879610918
2022-03-17,ribbon finance,296.402812869
2022-04-26,ftx,7257.957199632
2022-04-23,lido,340165.861946312
2022-06-06,uniswap,985.146500314
2022-04-13,idex,100.907203896
2022-04-13,fei protocol,48780.716712921
2022-05-20,opportunist,201.578256191
2022-04-01,curve fi,778683.33612528
2022-04-24,uniswap,464.749919748
2022-02-23,idex,100.907203896
2022-01-18,anchor,146182.752043607
2022-01-21,inverse finance,105.978350936
2022-02-09,sybil delegate,8527.738730586
2022-06-10,sybil delegate,8207.147547609
2022-06-04,idex,100.907203896
2022-03-02,anchor,283494.370796491
2022-01-28,idex,100.907203896
2022-05-24,inverse finance,551.124462083
2022-02-03,anchor,209976.404124111
2022-01-02,1inch,261.53603335
2022-06-13,lido,438814.528212584
2021-12-30,curve fi,621852.997749676
2022-05-03,ftx,7569.759135685
2022-05-10,top degen,1186.111833258
2022-03-15,lido,289842.778731238
2022-04-21,sybil delegate,11842.824375149
2022-01-12,ribbon finance,896.311002621
2022-02-18,sybil delegate,8527.738730586
2022-05-23,lido,361929.243330268
2022-02-17,lido,248570.849228273
2022-06-03,1inch,207.769906447
2022-02-18,lido,247117.22000134
2022-02-16,idex,100.907203896
2022-04-14,inverse finance,123.498300591
2022-01-01,inverse finance,5359.080023632
2022-04-22,ftx,7247.045997003
2022-06-04,lido,385191.255760898
2022-06-12,1inch,252.227644452
2022-03-22,fei protocol,48780.716712921
2022-05-17,ribbon finance,1862.041580937
2022-03-14,ftx,3220.318910093
2022-06-07,sybil delegate,8207.147547609
2021-12-19,lido,124559.415190796
2022-02-25,1inch,214.898790882
2022-03-28,curve fi,722008.680024555
2021-12-20,1inch,224.15398386
2022-02-23,sybil delegate,8207.147547609
2022-04-12,1inch,271.792469856
2022-06-11,inverse finance,550.596017719
2022-03-07,fei protocol,48780.716712921
2022-02-05,fei protocol,48780.716712921
2022-01-04,ribbon finance,373.503540411
2022-05-18,inverse finance,595.438501471
2022-04-01,1inch,308.11912826
2022-01-06,ftx,40634.037677475
2022-01-09,1inch,262.073009528
2022-03-09,idex,100.907203896
2022-02-20,lido,250991.885447156
2022-06-12,inverse finance,550.596017719
2022-01-28,fei protocol,48780.716712921
2022-01-24,idex,100.907203896
2022-04-23,curve fi,811216.152181547
2022-05-31,ftx,11181.057842934
2022-01-13,inverse finance,105.978350936
2022-04-27,anchor,618641.190473701
2022-06-02,curve fi,666519.317108078
2022-06-09,anchor,4859.153962721
2022-01-25,curve fi,591154.160554157
2022-05-24,ico-wallets,5554.442160625
2022-06-11,opportunist,312.157487757
2022-05-25,top degen,1186.111833258
2022-04-14,ftx,7652.334434855
2022-04-25,1inch,287.342006167
2022-02-06,anchor,208222.299873771
2022-01-19,inverse finance,105.978350936
2022-04-22,uniswap,222.109761683
2022-05-04,1inch,282.664286063
2022-02-04,anchor,208473.192717211
2022-03-08,1inch,231.54984047
2022-04-13,ribbon finance,190.091191926
2021-12-23,lido,127457.937300086
2022-02-06,sybil delegate,8527.738730586
2022-03-10,sybil delegate,9207.147547609
2022-03-04,lido,274836.114021672
2022-03-26,curve fi,724546.399838433
2022-04-07,curve fi,815107.164305662
2022-03-31,curve fi,775210.775319106
2022-02-14,ftx,7173.486417132
2022-03-04,sybil delegate,8207.147547609
2022-04-23,ftx,7307.730160113
2022-04-02,idex,100.907203896
2022-04-15,anchor,554557.640684671
2022-06-09,ico-wallets,5554.442160625
2022-06-04,top degen,1186.111833258
2022-03-25,idex,100.907203896
2021-12-30,sybil delegate,8527.738730586
2022-05-01,sybil delegate,11045.799113434
2022-02-20,sybil delegate,8207.147547609
2022-01-04,lido,141404.976220463
2022-03-19,sybil delegate,11757.744590542
2022-03-25,ftx,6248.987858228
2022-05-17,anchor,32770.160177941
2022-04-23,idex,100.907203896
2022-01-13,curve fi,633955.26184434
2022-03-20,idex,100.907203896
2022-05-07,sybil delegate,8207.147547609
2022-04-05,sybil delegate,11865.03923229
2022-05-29,ico-wallets,5554.442160625
2022-05-17,inverse finance,595.438501471
2021-12-23,anchor,112532.402039951
2022-05-21,gate.io,108.198891117
2022-03-12,anchor,360427.489149621
2022-03-02,idex,100.907203896
2022-05-03,idex,100.907203896
2022-02-02,ribbon finance,119.684507355
2022-04-23,sybil delegate,11842.824375149
2022-02-08,1inch,227.483468744
2022-02-19,inverse finance,144.963998666
2022-04-14,fei protocol,48780.716712921
2022-05-23,inverse finance,551.124462083
2022-05-09,top degen,1186.111833258
2022-06-09,inverse finance,550.596017719
2022-03-23,fei protocol,48780.716712921
2022-01-08,1inch,249.8787699
2022-05-20,gate.io,108.198891117
2022-01-12,1inch,248.878912545
2022-05-04,lido,346534.843312723
2022-02-03,lido,209082.95144764
2022-03-19,idex,100.907203896
2021-12-21,sybil delegate,8527.738730586
2022-04-05,inverse finance,145.855785378
2022-02-23,curve fi,601016.658551886
2022-05-13,lido,326299.857247883
2022-03-05,sybil delegate,8207.147547609
2022-04-19,1inch,272.817157979
2022-05-28,lido,370553.53301215
2022-05-19,top degen,1186.111833258
2022-05-23,fei protocol,48780.716712921
2022-03-24,sybil delegate,11757.744590542
2022-02-11,fei protocol,48780.716712921
2022-02-10,ftx,7143.27971066
2022-02-26,inverse finance,144.963998666
2022-02-12,ftx,7159.897318502
2022-01-07,fei protocol,48780.716712921
2021-12-21,ribbon finance,1481.341848697
2022-02-25,anchor,272614.290294621
2022-05-08,ftx,28746.972384634
2022-02-28,lido,288477.887558445
2022-01-12,curve fi,637376.063118796
2022-02-18,ftx,7518.831792685
2022-04-10,sybil delegate,11865.03923229
2022-06-13,gate.io,145.654650834
2022-04-17,fei protocol,48780.716712921
2022-04-02,anchor,498594.788369121
2022-04-17,inverse finance,123.498300591
2022-05-07,anchor,667761.955612771
2021-12-29,anchor,113586.986727653
2022-05-25,ico-wallets,5554.442160625
2022-06-07,1inch,260.367586786
2022-03-19,1inch,300.659781454
2022-05-30,anchor,6607.945342731
2022-03-09,fei protocol,48780.716712921
2022-01-14,lido,165640.190602758
2022-04-25,anchor,584284.815059881
2021-12-23,inverse finance,5359.080023632
2021-12-20,curve fi,636360.718522685
2022-05-22,gate.io,108.198891117
2022-02-10,anchor,208154.919155711
2021-12-26,curve fi,639965.570018135
2022-03-14,1inch,255.649797025
2022-05-21,inverse finance,595.438501471
2022-05-03,uniswap,473.636794932
2022-06-09,sybil delegate,8207.147547609
2022-03-24,lido,289043.537236295
2021-12-16,1inch,856.689566263
2021-12-23,fei protocol,24267.348169471
2022-05-12,idex,100.907203896
2022-01-23,ftx,9844.742460856
2022-02-10,idex,100.907203896
2022-05-27,top degen,1186.111833258
2022-04-01,ftx,6550.517323479
2022-05-09,gate.io,122.510825497
2022-06-06,ico-wallets,5554.442160625
2022-03-25,anchor,466722.144454411
2022-05-14,idex,100.907203896
2022-04-20,anchor,584378.84005915
2022-05-29,opportunist,201.578256191
2022-03-31,anchor,499421.434714081
2021-12-30,fei protocol,48780.716712921
2022-04-14,idex,100.907203896
2022-05-03,sybil delegate,11045.799113434
2022-05-27,inverse finance,551.124462083
2021-12-20,inverse finance,5359.080023632
2022-05-04,inverse finance,121.918404127
2022-02-20,1inch,193.936122829
2022-05-25,inverse finance,551.124462083
2022-05-01,gate.io,124.658204223
2022-02-17,ftx,7519.307288051
2022-04-12,ribbon finance,132.383254778
2022-06-13,anchor,4004.507806781
2022-02-22,inverse finance,144.963998666
2022-02-27,1inch,218.688206387
2021-12-17,lido,125904.926462388
2021-12-19,1inch,228.037166045
2022-01-18,1inch,230.427083011
2022-04-12,anchor,478267.078319381
2022-05-02,lido,346559.428826328
2022-04-12,lido,335399.223800508
2022-01-03,sybil delegate,8527.738730586
2022-04-30,anchor,619313.687367951
2022-04-18,1inch,272.817157979
2022-02-02,lido,208515.527544683
2022-05-31,lido,386521.528876767
2022-03-22,lido,287721.349719232
2022-05-08,idex,100.907203896
2022-01-10,inverse finance,105.240516266
2022-04-11,anchor,495413.467349901
2022-06-13,uniswap,2028.550548576
2022-03-18,anchor,437951.186248701
2022-03-15,curve fi,668758.452793062
2022-04-26,idex,100.907203896
2022-05-05,1inch,279.222986276
2022-05-02,anchor,619313.687367951
2022-03-15,anchor,378293.05400991
2022-03-28,lido,291655.317561576
2022-04-01,idex,100.907203896
2022-06-10,ico-wallets,5554.442160625
2022-06-13,f2pool,5940
2022-01-24,fei protocol,48780.716712921
2022-02-01,1inch,236.320208045
2022-02-11,lido,242430.318451829
2022-03-11,curve fi,650739.53860389
2021-12-27,inverse finance,5359.080023632
2022-02-16,inverse finance,144.963998666
2021-12-22,1inch,230.249379779
2022-03-07,inverse finance,159.382461886
2022-01-09,lido,165302.44437608
2022-05-21,ribbon finance,2132.1978793
2022-05-18,idex,100.907203896
2022-05-24,1inch,209.205762822
2022-01-07,ftx,38640.656768051
2022-01-17,curve fi,633719.646865373
2022-05-31,uniswap,982.689320493
2022-03-23,sybil delegate,11757.744590542
2021-12-17,curve fi,680015.086911099
2022-02-16,anchor,219242.724151311
2022-05-20,curve fi,674389.664107583
2022-01-07,anchor,123640.346910558
2022-03-21,idex,100.907203896
2022-03-19,curve fi,673742.145158663
2022-05-20,fei protocol,48780.716712921
2022-03-25,fei protocol,48780.716712921
2022-05-20,anchor,17519.520635691
2022-04-27,inverse finance,121.918404127
2022-02-18,anchor,220536.763561841
2022-01-13,fei protocol,48780.716712921
2022-01-28,lido,199093.835110388
2022-01-06,ribbon finance,1037.757582964
2022-03-15,sybil delegate,11757.744590542
2022-05-25,opportunist,201.578256191
2022-01-12,ftx,6569.594161395
2022-05-06,anchor,672037.44412201
2022-04-02,inverse finance,145.855785378
2022-03-04,ribbon finance,401.768085356
2022-02-12,idex,100.907203896
2022-01-31,ribbon finance,105.670899937
2022-01-15,inverse finance,105.978350936
2022-03-15,fei protocol,48780.716712921
2022-04-25,fei protocol,48780.716712921
2022-02-11,sybil delegate,8527.738730586
2022-06-08,1inch,258.12429746
2021-12-16,inverse finance,5359.080023632
2021-12-23,ribbon finance,2644.983758037
2022-05-16,idex,100.907203896
2022-05-21,opportunist,201.578256191
2022-05-26,ico-wallets,5554.442160625
2022-04-19,inverse finance,123.498300591
2022-04-29,gate.io,124.658204223
2022-01-14,ftx,6584.925540344
2022-05-06,1inch,281.082140176
2022-02-05,inverse finance,145.305207989
2022-02-24,lido,285246.865760677
2022-03-17,ftx,3229.168235628
2021-12-24,curve fi,641384.405389843
2021-12-24,sybil delegate,8527.738730586
2022-01-19,1inch,230.380148733
2022-01-31,lido,202555.202652118
2022-05-02,idex,100.907203896
2022-01-19,sybil delegate,8527.738730586
2022-04-10,lido,317672.714416237
2022-03-12,inverse finance,147.454568565
2021-12-19,curve fi,636887.738982972
2022-03-12,idex,100.907203896
2021-12-27,curve fi,640565.46385305
2021-12-15,1inch,798.07742729
2022-02-19,curve fi,613227.433223435
2022-06-04,curve fi,682686.381490586
2022-05-31,ico-wallets,5554.442160625
2022-02-18,curve fi,611448.189280119
2022-04-19,sybil delegate,11865.03923229
2022-02-16,fei protocol,48780.716712921
2022-05-08,gate.io,122.510825497
2022-03-26,inverse finance,303.956976956
2022-01-13,anchor,148467.27168878
2022-04-29,fei protocol,48780.716712921
2022-05-25,ftx,10102.900144333
2022-02-03,inverse finance,145.305207989
2022-05-05,idex,100.907203896
2022-03-05,lido,276232.465729265
2022-06-06,curve fi,684409.124681652
2022-06-03,anchor,6433.983703691
2022-03-26,ftx,6248.988858228
2022-03-06,ribbon finance,425.323917252
2022-01-25,idex,100.907203896
2022-05-30,curve fi,673392.433566214
2022-04-15,idex,100.907203896
2022-02-24,curve fi,600713.326838545
2022-01-10,ribbon finance,837.923862725
2021-12-31,1inch,246.289023818
2022-06-12,opportunist,312.157487757
2022-06-01,opportunist,201.578256191
2022-05-16,1inch,232.013695705
2022-01-09,ftx,6536.153147256
2022-06-13,1inch,240.394954979
2022-04-13,anchor,478603.699316391
2022-02-25,idex,100.907203896
2022-04-20,fei protocol,48780.716712921
2021-12-23,ftx,37652.479036057
2021-12-18,1inch,590.137726128
2022-03-20,anchor,439754.02071573
2022-01-17,1inch,222.784875534
2022-05-12,top degen,1186.111833258
2022-03-09,sybil delegate,8207.147547609
2022-05-25,gate.io,102.016312819
2022-02-19,lido,251069.488193234
2022-02-22,fei protocol,48780.716712921
2022-01-11,anchor,147334.610724919
2022-05-24,curve fi,702778.34918844
2022-02-12,1inch,203.154492203
2022-03-24,1inch,302.582946718
2022-04-02,1inch,300.923812234
2022-02-23,inverse finance,144.963998666
2022-01-27,lido,198565.374442665
2022-03-22,ftx,4892.911241101
2022-01-23,lido,174647.504576888
2022-05-15,ribbon finance,1866.184859741
2022-01-25,sybil delegate,8527.738730586
2022-06-07,curve fi,598511.561285189
2022-04-09,ftx,6121.91839313
2022-01-21,fei protocol,48780.716712921
2022-02-01,curve fi,625485.737769149
2022-04-27,ribbon finance,148.397016676
2021-12-18,anchor,96878.736710128
2021-12-15,anchor,96649.004284143
2022-04-13,curve fi,815810.333763307
2022-02-10,curve fi,623453.335146969
2022-06-10,inverse finance,550.596017719
2022-02-17,inverse finance,144.963998666
2022-04-02,curve fi,787018.550217513
2022-01-09,curve fi,629245.876120942
2022-01-20,ftx,6542.371610363
2022-05-25,lido,368247.585907102
2022-02-07,anchor,207953.820169441
2022-03-30,idex,100.907203896
2022-05-09,idex,100.907203896
2022-05-14,inverse finance,595.894241324
2022-02-01,anchor,149942.733168951
2022-04-14,curve fi,817250.507187159
2022-05-20,lido,352289.537094249
2022-05-10,curve fi,972519.057008607
2021-12-26,ftx,44702.82229955
2022-04-30,fei protocol,48780.716712921
2022-01-06,sybil delegate,8527.738730586
2022-04-21,anchor,584567.552605391
2022-03-26,lido,291425.709446452
2022-02-27,sybil delegate,8207.147547609
2022-05-13,ftx,9623.291211864
2022-02-25,sybil delegate,8207.147547609
2022-06-11,lido,463454.223053179
2022-02-11,idex,100.907203896
2022-01-31,curve fi,609008.738247074
2022-05-15,anchor,36390.848046941
2022-04-29,curve fi,828470.9649205
2022-03-15,1inch,273.132246057
2022-03-18,inverse finance,303.956976956
2022-03-05,ftx,3091.585873392
2022-04-23,fei protocol,48780.716712921
2022-01-05,anchor,122661.859053758
2022-03-04,anchor,286175.107217801
2022-01-11,fei protocol,48780.716712921
2022-05-30,ico-wallets,5554.442160625
2022-05-01,ftx,7331.30749371
2022-05-29,sybil delegate,8207.147547609
2022-02-12,curve fi,614734.39414553
2022-04-27,idex,100.907203896
2022-02-05,sybil delegate,8527.738730586
2022-01-05,1inch,258.4376291
2021-12-17,sybil delegate,8527.738730586
2022-06-03,uniswap,981.090682746
2022-02-23,ftx,2866.567353407
2022-06-09,top degen,1186.111833258
2022-06-06,top degen,1186.111833258
2022-05-21,ico-wallets,5554.442160625
2022-03-15,inverse finance,303.956976956
2022-05-14,uniswap,1175.966289243
2021-12-17,fei protocol,24267.348169471
2022-05-12,anchor,265654.520800641
2022-02-03,ribbon finance,124.214982402
2022-06-06,inverse finance,551.124462083
2022-06-10,curve fi,534370.811595565
2022-03-02,sybil delegate,8207.147547609
2022-03-31,lido,297304.887538406
2022-01-27,fei protocol,48780.716712921
2022-05-16,gate.io,108.198891117
2022-03-23,ftx,6355.476966267
2022-03-11,fei protocol,48780.716712921
2022-05-21,uniswap,1312.778439877
2022-06-10,uniswap,1519.53651105
2022-05-03,1inch,293.780135313
2022-05-01,inverse finance,121.918404127
2021-12-25,inverse finance,5359.080023632
2022-03-02,ftx,3111.200909922
2022-05-19,idex,100.907203896
2022-06-03,idex,100.907203896
2022-06-10,lido,462749.928602594
2022-05-19,ribbon finance,2132.1978793
2022-01-14,1inch,242.175385649
2022-05-08,1inch,292.907498398
2022-02-24,idex,100.907203896
2022-01-03,lido,141269.092101702
2022-04-22,fei protocol,48780.716712921
2022-04-14,lido,315372.407825038
2022-01-02,curve fi,623315.210307168
2022-04-27,gate.io,124.658204223
2022-03-14,inverse finance,303.956976956
2022-03-21,lido,287731.77425349
2022-01-22,anchor,209918.545187762
2022-02-23,anchor,267304.987459161
2022-04-20,ftx,7689.497811491
2022-03-16,curve fi,668729.568267197
2022-03-08,fei protocol,48780.716712921
2022-01-22,1inch,228.935283331
2022-02-07,sybil delegate,8527.738730586
2022-02-22,ftx,7867.682368597
2022-03-03,ftx,3115.755963523
2021-12-31,ftx,44906.016086297
2022-05-30,inverse finance,551.124462083
2022-05-19,ftx,11355.096854458
2021-12-21,curve fi,640515.348316773
2022-01-09,fei protocol,48780.716712921
2022-04-01,sybil delegate,11757.744590542
2022-03-30,ftx,6587.953640625
2022-06-11,ftx,105838.318660236
2022-02-02,inverse finance,145.305207989
2022-03-28,anchor,466048.48072058
2022-02-15,inverse finance,144.963998666
2022-05-15,opportunist,201.578256191
2022-04-23,uniswap,221.263697819
2022-03-06,ftx,3090.402501879
2022-03-11,sybil delegate,9207.147547609
2022-05-29,idex,100.907203896
2022-01-06,lido,142074.902330854
2021-12-15,ftx,37347.307486593
2022-02-12,lido,243696.385714469
2022-03-08,anchor,334810.967501351
2022-01-08,anchor,148022.305663174
2022-03-29,curve fi,717908.560519057
2022-05-13,idex,100.907203896
2022-04-19,fei protocol,48780.716712921
2022-05-28,sybil delegate,8207.147547609
2022-02-02,ftx,7052.797136788
2022-04-18,fei protocol,48780.716712921
2022-02-27,curve fi,602658.31614839
2022-02-12,sybil delegate,8527.738730586
2022-06-06,1inch,207.769906447
2022-05-25,fei protocol,48780.716712921
2022-01-15,anchor,148017.255878085
2022-04-20,uniswap,221.506601724
2022-04-25,inverse finance,121.918404127
2022-04-29,lido,346476.265689527
2022-04-28,gate.io,124.658204223
2022-03-06,curve fi,612315.409491864
2022-03-02,ribbon finance,274.619997184
2021-12-16,ribbon finance,720.138639433
2022-03-01,curve fi,601804.667905983
